benchmark_family,sample_label,public_feasible,hard_violation_count,engagement_feasibility_rate,defense_effectiveness_score,resource_feasibility_score,temporal_tactical_feasibility_score,high_value_threat_protection_score,operational_traceability_score,scalar_domain_quality_score,selected_engagement_count,domain_scoring_status
swta,MultiSWTA1_Type0_NT100_NS10_NC9_NV10_NW9_O2,True,0,1.0,0.1883390206111032,1.0,1.0,0.5,1.0,0.781389836769,10,scored
swta,MultiSWTA1_Type0_NT100_NS10_NC9_NV10_NW9_O3,True,0,1.0,0.1883390206111032,1.0,1.0,0.5,1.0,0.781389836769,10,scored
swta,MultiSWTA1_Type0_NT100_NS10_NC9_NV10_NW9_O4,True,0,1.0,0.1883390206111032,1.0,1.0,0.5,1.0,0.781389836769,10,scored
swta,MultiSWTA1_Type0_NT100_NS6_NC6_NV6_NW6_O2,True,0,1.0,0.1135838595612631,1.0,1.0,0.3,1.0,0.735597309927,6,scored
swta,MultiSWTA1_Type0_NT100_NS6_NC6_NV6_NW6_O3,True,0,1.0,0.1135838595612631,1.0,1.0,0.3,1.0,0.735597309927,6,scored
swta,MultiSWTA1_Type0_NT100_NS6_NC6_NV6_NW6_O4,True,0,1.0,0.1135838595612631,1.0,1.0,0.3,1.0,0.735597309927,6,scored
swta,MultiSWTA1_Type0_NT200_NS12_NC6_NV12_NW6_O2,True,0,1.0,0.116281675671654,1.0,1.0,0.3,1.0,0.736046945945,12,scored
swta,MultiSWTA1_Type0_NT200_NS12_NC6_NV12_NW6_O3,True,0,1.0,0.116281675671654,1.0,1.0,0.3,1.0,0.736046945945,12,scored
swta,MultiSWTA1_Type0_NT200_NS12_NC6_NV12_NW6_O4,True,0,1.0,0.116281675671654,1.0,1.0,0.3,1.0,0.736046945945,12,scored
swta,MultiSWTA1_Type0_NT200_NS15_NC12_NV15_NW12_O2,True,0,1.0,0.14480710594457555,1.0,1.0,0.375,1.0,0.753301184324,15,scored
swta,MultiSWTA1_Type0_NT200_NS15_NC12_NV15_NW12_O3,True,0,1.0,0.14480710594457555,1.0,1.0,0.375,1.0,0.753301184324,15,scored
swta,MultiSWTA1_Type0_NT200_NS15_NC12_NV15_NW12_O4,True,0,1.0,0.14480710594457555,1.0,1.0,0.375,1.0,0.753301184324,15,scored
swta,MultiSWTA1_Type0_NT50_NS5_NC2_NV5_NW2_O2,True,0,1.0,0.1757520027703592,1.0,1.0,0.5,1.0,0.779292000462,5,scored
swta,MultiSWTA1_Type0_NT50_NS5_NC2_NV5_NW2_O3,True,0,1.0,0.1757520027703592,1.0,1.0,0.5,1.0,0.779292000462,5,scored
swta,MultiSWTA1_Type0_NT50_NS5_NC2_NV5_NW2_O4,True,0,1.0,0.1757520027703592,1.0,1.0,0.5,1.0,0.779292000462,5,scored
swta,MultiSWTA1_Type0_NT50_NS8_NC6_NV8_NW6_O2,True,0,1.0,0.2682463263445294,1.0,1.0,0.8,1.0,0.844707721057,8,scored
swta,MultiSWTA1_Type0_NT50_NS8_NC6_NV8_NW6_O3,True,0,1.0,0.2682463263445294,1.0,1.0,0.8,1.0,0.844707721057,8,scored
swta,MultiSWTA1_Type0_NT50_NS8_NC6_NV8_NW6_O4,False,0,not_applicable,not_applicable,not_applicable,not_applicable,not_applicable,not_applicable,not_applicable,0,blocked_by_core_failure
swta,MultiSWTA2_Type0_NT100_NS10_NC9_NV10_NW9_O2,True,0,1.0,0.18188010631574025,1.0,1.0,0.5,1.0,0.780313351053,10,scored
swta,MultiSWTA2_Type0_NT100_NS10_NC9_NV10_NW9_O3,True,0,1.0,0.18188010631574025,1.0,1.0,0.5,1.0,0.780313351053,10,scored
swta,MultiSWTA2_Type0_NT100_NS10_NC9_NV10_NW9_O4,True,0,1.0,0.18188010631574025,1.0,1.0,0.5,1.0,0.780313351053,10,scored
swta,MultiSWTA2_Type0_NT100_NS6_NC6_NV6_NW6_O2,True,0,1.0,0.11130529453321544,1.0,1.0,0.3,1.0,0.735217549089,6,scored
swta,MultiSWTA2_Type0_NT100_NS6_NC6_NV6_NW6_O3,True,0,1.0,0.11130529453321544,1.0,1.0,0.3,1.0,0.735217549089,6,scored
swta,MultiSWTA2_Type0_NT100_NS6_NC6_NV6_NW6_O4,True,0,1.0,0.11130529453321544,1.0,1.0,0.3,1.0,0.735217549089,6,scored
swta,MultiSWTA2_Type0_NT200_NS12_NC6_NV12_NW6_O2,True,0,1.0,0.11548571905786269,1.0,1.0,0.3,1.0,0.73591428651,12,scored
swta,MultiSWTA2_Type0_NT200_NS12_NC6_NV12_NW6_O3,True,0,1.0,0.11548571905786269,1.0,1.0,0.3,1.0,0.73591428651,12,scored
swta,MultiSWTA2_Type0_NT200_NS12_NC6_NV12_NW6_O4,True,0,1.0,0.11548571905786269,1.0,1.0,0.3,1.0,0.73591428651,12,scored
swta,MultiSWTA2_Type0_NT200_NS15_NC12_NV15_NW12_O2,True,0,1.0,0.15894065437191493,1.0,1.0,0.375,1.0,0.755656775729,15,scored
swta,MultiSWTA2_Type0_NT200_NS15_NC12_NV15_NW12_O3,True,0,1.0,0.15894065437191493,1.0,1.0,0.375,1.0,0.755656775729,15,scored
swta,MultiSWTA2_Type0_NT200_NS15_NC12_NV15_NW12_O4,True,0,1.0,0.15894065437191493,1.0,1.0,0.375,1.0,0.755656775729,15,scored
swta,MultiSWTA2_Type0_NT50_NS5_NC2_NV5_NW2_O2,True,0,1.0,0.1868876402446978,1.0,1.0,0.5,1.0,0.781147940041,5,scored
swta,MultiSWTA2_Type0_NT50_NS5_NC2_NV5_NW2_O3,True,0,1.0,0.1868876402446978,1.0,1.0,0.5,1.0,0.781147940041,5,scored
swta,MultiSWTA2_Type0_NT50_NS5_NC2_NV5_NW2_O4,True,0,1.0,0.1868876402446978,1.0,1.0,0.5,1.0,0.781147940041,5,scored
swta,MultiSWTA2_Type0_NT50_NS8_NC6_NV8_NW6_O2,True,0,1.0,0.30910592254569624,1.0,1.0,0.8,1.0,0.851517653758,8,scored
swta,MultiSWTA2_Type0_NT50_NS8_NC6_NV8_NW6_O3,True,0,1.0,0.30910592254569624,1.0,1.0,0.8,1.0,0.851517653758,8,scored
swta,MultiSWTA2_Type0_NT50_NS8_NC6_NV8_NW6_O4,True,0,1.0,0.30910592254569624,1.0,1.0,0.8,1.0,0.851517653758,8,scored
swta,MultiSWTA2_Type1_NT100_NS10_NC9_NV10_NW9_O2,True,0,1.0,0.16942219757868482,1.0,1.0,0.5,1.0,0.77823703293,10,scored
swta,MultiSWTA2_Type1_NT100_NS10_NC9_NV10_NW9_O3,True,0,1.0,0.16942219757868482,1.0,1.0,0.5,1.0,0.77823703293,10,scored
swta,MultiSWTA2_Type1_NT100_NS10_NC9_NV10_NW9_O4,True,0,1.0,0.16942219757868482,1.0,1.0,0.5,1.0,0.77823703293,10,scored
swta,MultiSWTA2_Type1_NT100_NS6_NC6_NV6_NW6_O2,True,0,1.0,0.11348556853319322,1.0,1.0,0.3,1.0,0.735580928089,6,scored
swta,MultiSWTA2_Type1_NT100_NS6_NC6_NV6_NW6_O3,True,0,1.0,0.11348556853319322,1.0,1.0,0.3,1.0,0.735580928089,6,scored
swta,MultiSWTA2_Type1_NT100_NS6_NC6_NV6_NW6_O4,True,0,1.0,0.11348556853319322,1.0,1.0,0.3,1.0,0.735580928089,6,scored
swta,MultiSWTA2_Type1_NT200_NS12_NC6_NV12_NW6_O2,True,0,1.0,0.11684967105934195,1.0,1.0,0.3,1.0,0.736141611843,12,scored
swta,MultiSWTA2_Type1_NT200_NS12_NC6_NV12_NW6_O3,True,0,1.0,0.11684967105934195,1.0,1.0,0.3,1.0,0.736141611843,12,scored
swta,MultiSWTA2_Type1_NT200_NS12_NC6_NV12_NW6_O4,True,0,1.0,0.11684967105934195,1.0,1.0,0.3,1.0,0.736141611843,12,scored
swta,MultiSWTA2_Type1_NT200_NS15_NC12_NV15_NW12_O2,True,0,1.0,0.14143017124091575,1.0,1.0,0.375,1.0,0.752738361873,15,scored
swta,MultiSWTA2_Type1_NT200_NS15_NC12_NV15_NW12_O3,True,0,1.0,0.14143017124091575,1.0,1.0,0.375,1.0,0.752738361873,15,scored
swta,MultiSWTA2_Type1_NT200_NS15_NC12_NV15_NW12_O4,True,0,1.0,0.14143017124091575,1.0,1.0,0.375,1.0,0.752738361873,15,scored
swta,MultiSWTA2_Type1_NT50_NS5_NC2_NV5_NW2_O2,True,0,1.0,0.19732461042660918,1.0,1.0,0.5,1.0,0.782887435071,5,scored
swta,MultiSWTA2_Type1_NT50_NS5_NC2_NV5_NW2_O3,True,0,1.0,0.19732461042660918,1.0,1.0,0.5,1.0,0.782887435071,5,scored
swta,MultiSWTA2_Type1_NT50_NS5_NC2_NV5_NW2_O4,True,0,1.0,0.19732461042660918,1.0,1.0,0.5,1.0,0.782887435071,5,scored
swta,MultiSWTA2_Type1_NT50_NS8_NC6_NV8_NW6_O2,True,0,1.0,0.3313936997497945,1.0,1.0,0.8,1.0,0.855232283292,8,scored
swta,MultiSWTA2_Type1_NT50_NS8_NC6_NV8_NW6_O3,True,0,1.0,0.3313936997497945,1.0,1.0,0.8,1.0,0.855232283292,8,scored
swta,MultiSWTA2_Type1_NT50_NS8_NC6_NV8_NW6_O4,True,0,1.0,0.3313936997497945,1.0,1.0,0.8,1.0,0.855232283292,8,scored
swta,MultiSWTA3_Type0_NT100_NS10_NC9_NV10_NW9_O2,True,0,1.0,0.08990328706389104,1.0,1.0,0.25,1.0,0.723317214511,6,scored
swta,MultiSWTA3_Type0_NT100_NS10_NC9_NV10_NW9_O3,True,0,1.0,0.08990328706389104,1.0,1.0,0.25,1.0,0.723317214511,6,scored
swta,MultiSWTA3_Type0_NT100_NS10_NC9_NV10_NW9_O4,True,0,1.0,0.08990328706389104,1.0,1.0,0.25,1.0,0.723317214511,6,scored
swta,MultiSWTA3_Type0_NT100_NS6_NC6_NV6_NW6_O2,True,0,1.0,0.07591667442113943,1.0,1.0,0.25,1.0,0.720986112404,5,scored
swta,MultiSWTA3_Type0_NT100_NS6_NC6_NV6_NW6_O3,True,0,1.0,0.07591667442113943,1.0,1.0,0.25,1.0,0.720986112404,5,scored
swta,MultiSWTA3_Type0_NT100_NS6_NC6_NV6_NW6_O4,True,0,1.0,0.07591667442113943,1.0,1.0,0.25,1.0,0.720986112404,5,scored
swta,MultiSWTA3_Type0_NT200_NS12_NC6_NV12_NW6_O2,True,0,1.0,0.07016262010377448,1.0,1.0,0.2,1.0,0.711693770017,8,scored
swta,MultiSWTA3_Type0_NT200_NS12_NC6_NV12_NW6_O3,True,0,1.0,0.07016262010377448,1.0,1.0,0.2,1.0,0.711693770017,8,scored
swta,MultiSWTA3_Type0_NT200_NS12_NC6_NV12_NW6_O4,True,0,1.0,0.07016262010377448,1.0,1.0,0.2,1.0,0.711693770017,8,scored
swta,MultiSWTA3_Type0_NT200_NS15_NC12_NV15_NW12_O2,True,0,1.0,0.06861934564884241,1.0,1.0,0.175,1.0,0.707269890941,9,scored
swta,MultiSWTA3_Type0_NT200_NS15_NC12_NV15_NW12_O3,True,0,1.0,0.06861934564884241,1.0,1.0,0.175,1.0,0.707269890941,9,scored
swta,MultiSWTA3_Type0_NT200_NS15_NC12_NV15_NW12_O4,True,0,1.0,0.06861934564884241,1.0,1.0,0.175,1.0,0.707269890941,9,scored
swta,MultiSWTA3_Type0_NT50_NS5_NC2_NV5_NW2_O2,True,0,1.0,0.12699224248044821,1.0,1.0,0.4,1.0,0.75449870708,4,scored
swta,MultiSWTA3_Type0_NT50_NS5_NC2_NV5_NW2_O3,True,0,1.0,0.12699224248044821,1.0,1.0,0.4,1.0,0.75449870708,4,scored
swta,MultiSWTA3_Type0_NT50_NS5_NC2_NV5_NW2_O4,True,0,1.0,0.12699224248044821,1.0,1.0,0.4,1.0,0.75449870708,4,scored
swta,MultiSWTA3_Type0_NT50_NS8_NC6_NV8_NW6_O2,True,0,1.0,0.14303939123626028,1.0,1.0,0.2,1.0,0.723839898539,6,scored
swta,MultiSWTA3_Type0_NT50_NS8_NC6_NV8_NW6_O3,True,0,1.0,0.14303939123626028,1.0,1.0,0.2,1.0,0.723839898539,6,scored
swta,MultiSWTA3_Type0_NT50_NS8_NC6_NV8_NW6_O4,True,0,1.0,0.14303939123626028,1.0,1.0,0.2,1.0,0.723839898539,6,scored
swta,MultiSWTA3_Type1_NT100_NS10_NC9_NV10_NW9_O2,True,0,1.0,0.1429927159815939,1.0,1.0,0.35,1.0,0.74883211933,9,scored
swta,MultiSWTA3_Type1_NT100_NS10_NC9_NV10_NW9_O3,True,0,1.0,0.1429927159815939,1.0,1.0,0.35,1.0,0.74883211933,9,scored
swta,MultiSWTA3_Type1_NT100_NS10_NC9_NV10_NW9_O4,True,0,1.0,0.1429927159815939,1.0,1.0,0.35,1.0,0.74883211933,9,scored
swta,MultiSWTA3_Type1_NT100_NS6_NC6_NV6_NW6_O2,True,0,1.0,0.06224810804819065,1.0,1.0,0.2,1.0,0.710374684675,4,scored
swta,MultiSWTA3_Type1_NT100_NS6_NC6_NV6_NW6_O3,True,0,1.0,0.06224810804819065,1.0,1.0,0.2,1.0,0.710374684675,4,scored
swta,MultiSWTA3_Type1_NT100_NS6_NC6_NV6_NW6_O4,True,0,1.0,0.06224810804819065,1.0,1.0,0.2,1.0,0.710374684675,4,scored
swta,MultiSWTA3_Type1_NT200_NS12_NC6_NV12_NW6_O2,True,0,1.0,0.08798793551341845,1.0,1.0,0.25,1.0,0.722997989252,10,scored
swta,MultiSWTA3_Type1_NT200_NS12_NC6_NV12_NW6_O3,True,0,1.0,0.08798793551341845,1.0,1.0,0.25,1.0,0.722997989252,10,scored
swta,MultiSWTA3_Type1_NT200_NS12_NC6_NV12_NW6_O4,True,0,1.0,0.08798793551341845,1.0,1.0,0.25,1.0,0.722997989252,10,scored
swta,MultiSWTA3_Type1_NT200_NS15_NC12_NV15_NW12_O2,True,0,1.0,0.10867498299237624,1.0,1.0,0.3,1.0,0.734779163832,13,scored
swta,MultiSWTA3_Type1_NT200_NS15_NC12_NV15_NW12_O3,True,0,1.0,0.10867498299237624,1.0,1.0,0.3,1.0,0.734779163832,13,scored
swta,MultiSWTA3_Type1_NT200_NS15_NC12_NV15_NW12_O4,True,0,1.0,0.10867498299237624,1.0,1.0,0.3,1.0,0.734779163832,13,scored
swta,MultiSWTA3_Type1_NT50_NS5_NC2_NV5_NW2_O2,True,0,1.0,0.15527874187355994,1.0,1.0,0.4,1.0,0.759213123646,5,scored
swta,MultiSWTA3_Type1_NT50_NS5_NC2_NV5_NW2_O3,True,0,1.0,0.15527874187355994,1.0,1.0,0.4,1.0,0.759213123646,5,scored
swta,MultiSWTA3_Type1_NT50_NS5_NC2_NV5_NW2_O4,True,0,1.0,0.15527874187355994,1.0,1.0,0.4,1.0,0.759213123646,5,scored
swta,MultiSWTA3_Type1_NT50_NS8_NC6_NV8_NW6_O2,True,0,1.0,0.1919268993729749,1.0,1.0,0.6,1.0,0.798654483229,6,scored
swta,MultiSWTA3_Type1_NT50_NS8_NC6_NV8_NW6_O3,True,0,1.0,0.1919268993729749,1.0,1.0,0.6,1.0,0.798654483229,6,scored
swta,MultiSWTA3_Type1_NT50_NS8_NC6_NV8_NW6_O4,True,0,1.0,0.1919268993729749,1.0,1.0,0.6,1.0,0.798654483229,6,scored
swta,MultiSWTA4_Type0_NT100_NS10_NC9_NV10_NW9_O2,True,0,1.0,0.13475299811419955,1.0,1.0,0.4,1.0,0.755792166352,10,scored
swta,MultiSWTA4_Type0_NT100_NS10_NC9_NV10_NW9_O3,True,0,1.0,0.13475299811419955,1.0,1.0,0.4,1.0,0.755792166352,10,scored
swta,MultiSWTA4_Type0_NT100_NS10_NC9_NV10_NW9_O4,True,0,1.0,0.13475299811419955,1.0,1.0,0.4,1.0,0.755792166352,10,scored
swta,MultiSWTA4_Type0_NT100_NS6_NC6_NV6_NW6_O2,True,0,1.0,0.07513028054943735,1.0,1.0,0.2,1.0,0.712521713425,6,scored
swta,MultiSWTA4_Type0_NT100_NS6_NC6_NV6_NW6_O3,True,0,1.0,0.07513028054943735,1.0,1.0,0.2,1.0,0.712521713425,6,scored
swta,MultiSWTA4_Type0_NT100_NS6_NC6_NV6_NW6_O4,True,0,1.0,0.07513028054943735,1.0,1.0,0.2,1.0,0.712521713425,6,scored
swta,MultiSWTA4_Type0_NT200_NS12_NC6_NV12_NW6_O2,True,0,1.0,0.08413188659086906,1.0,1.0,0.275,1.0,0.726521981098,12,scored
swta,MultiSWTA4_Type0_NT200_NS12_NC6_NV12_NW6_O3,True,0,1.0,0.08413188659086906,1.0,1.0,0.275,1.0,0.726521981098,12,scored
swta,MultiSWTA4_Type0_NT200_NS12_NC6_NV12_NW6_O4,True,0,1.0,0.08413188659086906,1.0,1.0,0.275,1.0,0.726521981098,12,scored
swta,MultiSWTA4_Type0_NT200_NS15_NC12_NV15_NW12_O2,True,0,1.0,0.104268441993724,1.0,1.0,0.3,1.0,0.734044740332,15,scored
swta,MultiSWTA4_Type0_NT200_NS15_NC12_NV15_NW12_O3,True,0,1.0,0.104268441993724,1.0,1.0,0.3,1.0,0.734044740332,15,scored
swta,MultiSWTA4_Type0_NT200_NS15_NC12_NV15_NW12_O4,True,0,1.0,0.104268441993724,1.0,1.0,0.3,1.0,0.734044740332,15,scored
swta,MultiSWTA4_Type0_NT50_NS5_NC2_NV5_NW2_O2,True,0,1.0,0.13819572458756796,1.0,1.0,0.5,1.0,0.773032620765,5,scored
swta,MultiSWTA4_Type0_NT50_NS5_NC2_NV5_NW2_O3,True,0,1.0,0.13819572458756796,1.0,1.0,0.5,1.0,0.773032620765,5,scored
swta,MultiSWTA4_Type0_NT50_NS5_NC2_NV5_NW2_O4,True,0,1.0,0.13819572458756796,1.0,1.0,0.5,1.0,0.773032620765,5,scored
swta,MultiSWTA4_Type0_NT50_NS8_NC6_NV8_NW6_O2,True,0,1.0,0.2020230027587066,1.0,1.0,0.4,1.0,0.767003833793,8,scored
swta,MultiSWTA4_Type0_NT50_NS8_NC6_NV8_NW6_O3,True,0,1.0,0.2020230027587066,1.0,1.0,0.4,1.0,0.767003833793,8,scored
swta,MultiSWTA4_Type0_NT50_NS8_NC6_NV8_NW6_O4,True,0,1.0,0.2020230027587066,1.0,1.0,0.4,1.0,0.767003833793,8,scored
swta,MultiSWTA4_Type1_NT100_NS10_NC9_NV10_NW9_O2,True,0,1.0,0.1095089212815381,1.0,1.0,0.3,1.0,0.734918153547,7,scored
swta,MultiSWTA4_Type1_NT100_NS10_NC9_NV10_NW9_O3,True,0,1.0,0.1095089212815381,1.0,1.0,0.3,1.0,0.734918153547,7,scored
swta,MultiSWTA4_Type1_NT100_NS10_NC9_NV10_NW9_O4,True,0,1.0,0.1095089212815381,1.0,1.0,0.3,1.0,0.734918153547,7,scored
swta,MultiSWTA4_Type1_NT100_NS6_NC6_NV6_NW6_O2,True,0,1.0,0.05698641479319412,1.0,1.0,0.15,1.0,0.701164402466,4,scored
swta,MultiSWTA4_Type1_NT100_NS6_NC6_NV6_NW6_O3,False,0,not_applicable,not_applicable,not_applicable,not_applicable,not_applicable,not_applicable,not_applicable,0,blocked_by_core_failure
swta,MultiSWTA4_Type1_NT100_NS6_NC6_NV6_NW6_O4,True,0,1.0,0.05698641479319412,1.0,1.0,0.15,1.0,0.701164402466,4,scored
swta,MultiSWTA4_Type1_NT200_NS12_NC6_NV12_NW6_O2,True,0,1.0,0.07851224916895305,1.0,1.0,0.25,1.0,0.721418708195,10,scored
swta,MultiSWTA4_Type1_NT200_NS12_NC6_NV12_NW6_O3,True,0,1.0,0.07851224916895305,1.0,1.0,0.25,1.0,0.721418708195,10,scored
swta,MultiSWTA4_Type1_NT200_NS12_NC6_NV12_NW6_O4,True,0,1.0,0.07851224916895305,1.0,1.0,0.25,1.0,0.721418708195,10,scored
swta,MultiSWTA4_Type1_NT200_NS15_NC12_NV15_NW12_O2,True,0,1.0,0.09551536080252046,1.0,1.0,0.325,1.0,0.736752560134,13,scored
swta,MultiSWTA4_Type1_NT200_NS15_NC12_NV15_NW12_O3,True,0,1.0,0.09551536080252046,1.0,1.0,0.325,1.0,0.736752560134,13,scored
swta,MultiSWTA4_Type1_NT200_NS15_NC12_NV15_NW12_O4,True,0,1.0,0.09551536080252046,1.0,1.0,0.325,1.0,0.736752560134,13,scored
swta,MultiSWTA4_Type1_NT50_NS5_NC2_NV5_NW2_O2,True,0,1.0,0.1434529984081549,1.0,1.0,0.3,1.0,0.740575499735,5,scored
swta,MultiSWTA4_Type1_NT50_NS5_NC2_NV5_NW2_O3,True,0,1.0,0.1434529984081549,1.0,1.0,0.3,1.0,0.740575499735,5,scored
swta,MultiSWTA4_Type1_NT50_NS5_NC2_NV5_NW2_O4,True,0,1.0,0.1434529984081549,1.0,1.0,0.3,1.0,0.740575499735,5,scored
swta,MultiSWTA4_Type1_NT50_NS8_NC6_NV8_NW6_O2,True,0,1.0,0.17899615269073796,1.0,1.0,0.6,1.0,0.796499358782,6,scored
swta,MultiSWTA4_Type1_NT50_NS8_NC6_NV8_NW6_O3,True,0,1.0,0.17899615269073796,1.0,1.0,0.6,1.0,0.796499358782,6,scored
swta,MultiSWTA4_Type1_NT50_NS8_NC6_NV8_NW6_O4,True,0,1.0,0.17899615269073796,1.0,1.0,0.6,1.0,0.796499358782,6,scored
swta,MultiSWTA5_Type0_NT100_NS10_NC9_NV10_NW9_O2,True,0,1.0,0.06861618205415602,1.0,1.0,0.15,1.0,0.703102697009,6,scored
swta,MultiSWTA5_Type0_NT100_NS10_NC9_NV10_NW9_O3,True,0,1.0,0.06861618205415602,1.0,1.0,0.15,1.0,0.703102697009,6,scored
swta,MultiSWTA5_Type0_NT100_NS10_NC9_NV10_NW9_O4,True,0,1.0,0.06861618205415602,1.0,1.0,0.15,1.0,0.703102697009,6,scored
swta,MultiSWTA5_Type0_NT100_NS6_NC6_NV6_NW6_O2,True,0,1.0,0.038360853817840435,1.0,1.0,0.15,1.0,0.698060142303,4,scored
swta,MultiSWTA5_Type0_NT100_NS6_NC6_NV6_NW6_O3,True,0,1.0,0.038360853817840435,1.0,1.0,0.15,1.0,0.698060142303,4,scored
swta,MultiSWTA5_Type0_NT100_NS6_NC6_NV6_NW6_O4,True,0,1.0,0.038360853817840435,1.0,1.0,0.15,1.0,0.698060142303,4,scored
swta,MultiSWTA5_Type0_NT200_NS12_NC6_NV12_NW6_O2,True,0,1.0,0.04380034066439215,1.0,1.0,0.1,1.0,0.690633390111,8,scored
swta,MultiSWTA5_Type0_NT200_NS12_NC6_NV12_NW6_O3,False,0,not_applicable,not_applicable,not_applicable,not_applicable,not_applicable,not_applicable,not_applicable,0,blocked_by_core_failure
swta,MultiSWTA5_Type0_NT200_NS12_NC6_NV12_NW6_O4,True,0,1.0,0.04380034066439215,1.0,1.0,0.1,1.0,0.690633390111,8,scored
swta,MultiSWTA5_Type0_NT200_NS15_NC12_NV15_NW12_O2,True,0,1.0,0.052744040190346626,1.0,1.0,0.1,1.0,0.692124006698,9,scored
swta,MultiSWTA5_Type0_NT200_NS15_NC12_NV15_NW12_O3,True,0,1.0,0.052744040190346626,1.0,1.0,0.1,1.0,0.692124006698,9,scored
swta,MultiSWTA5_Type0_NT200_NS15_NC12_NV15_NW12_O4,True,0,1.0,0.052744040190346626,1.0,1.0,0.1,1.0,0.692124006698,9,scored
swta,MultiSWTA5_Type0_NT50_NS5_NC2_NV5_NW2_O2,True,0,1.0,0.09165433531728677,1.0,1.0,0.2,1.0,0.715275722553,4,scored
swta,MultiSWTA5_Type0_NT50_NS5_NC2_NV5_NW2_O3,True,0,1.0,0.09165433531728677,1.0,1.0,0.2,1.0,0.715275722553,4,scored
swta,MultiSWTA5_Type0_NT50_NS5_NC2_NV5_NW2_O4,True,0,1.0,0.09165433531728677,1.0,1.0,0.2,1.0,0.715275722553,4,scored
swta,MultiSWTA5_Type0_NT50_NS8_NC6_NV8_NW6_O2,True,0,1.0,0.07784403797719056,1.0,1.0,0.2,1.0,0.71297400633,4,scored
swta,MultiSWTA5_Type0_NT50_NS8_NC6_NV8_NW6_O3,True,0,1.0,0.07784403797719056,1.0,1.0,0.2,1.0,0.71297400633,4,scored
swta,MultiSWTA5_Type0_NT50_NS8_NC6_NV8_NW6_O4,True,0,1.0,0.07784403797719056,1.0,1.0,0.2,1.0,0.71297400633,4,scored
swta,MultiSWTA5_Type1_NT100_NS10_NC9_NV10_NW9_O2,True,0,1.0,0.11438650573502436,1.0,1.0,0.35,1.0,0.744064417623,7,scored
swta,MultiSWTA5_Type1_NT100_NS10_NC9_NV10_NW9_O3,True,0,1.0,0.11438650573502436,1.0,1.0,0.35,1.0,0.744064417623,7,scored
swta,MultiSWTA5_Type1_NT100_NS10_NC9_NV10_NW9_O4,True,0,1.0,0.11438650573502436,1.0,1.0,0.35,1.0,0.744064417623,7,scored
swta,MultiSWTA5_Type1_NT100_NS6_NC6_NV6_NW6_O2,True,0,1.0,0.044609464643668904,1.0,1.0,0.15,1.0,0.699101577441,3,scored
swta,MultiSWTA5_Type1_NT100_NS6_NC6_NV6_NW6_O3,True,0,1.0,0.044609464643668904,1.0,1.0,0.15,1.0,0.699101577441,3,scored
swta,MultiSWTA5_Type1_NT100_NS6_NC6_NV6_NW6_O4,True,0,1.0,0.044609464643668904,1.0,1.0,0.15,1.0,0.699101577441,3,scored
swta,MultiSWTA5_Type1_NT200_NS12_NC6_NV12_NW6_O2,True,0,1.0,0.07410557340681174,1.0,1.0,0.25,1.0,0.720684262234,10,scored
swta,MultiSWTA5_Type1_NT200_NS12_NC6_NV12_NW6_O3,True,0,1.0,0.07410557340681174,1.0,1.0,0.25,1.0,0.720684262234,10,scored
swta,MultiSWTA5_Type1_NT200_NS12_NC6_NV12_NW6_O4,True,0,1.0,0.07410557340681174,1.0,1.0,0.25,1.0,0.720684262234,10,scored
swta,MultiSWTA5_Type1_NT200_NS15_NC12_NV15_NW12_O2,True,0,1.0,0.09258530946359278,1.0,1.0,0.325,1.0,0.736264218244,13,scored
swta,MultiSWTA5_Type1_NT200_NS15_NC12_NV15_NW12_O3,True,0,1.0,0.09258530946359278,1.0,1.0,0.325,1.0,0.736264218244,13,scored
swta,MultiSWTA5_Type1_NT200_NS15_NC12_NV15_NW12_O4,True,0,1.0,0.09258530946359278,1.0,1.0,0.325,1.0,0.736264218244,13,scored
swta,MultiSWTA5_Type1_NT50_NS5_NC2_NV5_NW2_O2,True,0,1.0,0.11341828724851737,1.0,1.0,0.3,1.0,0.735569714541,4,scored
swta,MultiSWTA5_Type1_NT50_NS5_NC2_NV5_NW2_O3,True,0,1.0,0.11341828724851737,1.0,1.0,0.3,1.0,0.735569714541,4,scored
swta,MultiSWTA5_Type1_NT50_NS5_NC2_NV5_NW2_O4,True,0,1.0,0.11341828724851737,1.0,1.0,0.3,1.0,0.735569714541,4,scored
swta,MultiSWTA5_Type1_NT50_NS8_NC6_NV8_NW6_O2,True,0,1.0,0.12444737580481313,1.0,1.0,0.3,1.0,0.737407895967,5,scored
swta,MultiSWTA5_Type1_NT50_NS8_NC6_NV8_NW6_O3,True,0,1.0,0.12444737580481313,1.0,1.0,0.3,1.0,0.737407895967,5,scored
swta,MultiSWTA5_Type1_NT50_NS8_NC6_NV8_NW6_O4,True,0,1.0,0.12444737580481313,1.0,1.0,0.3,1.0,0.737407895967,5,scored
madra,MADRA_OPEN_P1_single,True,0,1.0,0.17,1.0,1.0,1.0,1.0,0.861666666667,4,scored
madra,MADRA_OPEN_P1_multi3,True,0,1.0,0.17,1.0,1.0,1.0,1.0,0.861666666667,4,scored
madra,MADRA_OPEN_P2_single,True,0,1.0,0.105,1.0,1.0,1.0,1.0,0.850833333333,5,scored
madra,MADRA_OPEN_P2_multi3,True,0,1.0,0.105,1.0,1.0,1.0,1.0,0.850833333333,5,scored
madra,MADRA_OPEN_P3_single,True,0,1.0,0.1,1.0,1.0,0.8,1.0,0.816666666667,6,scored
madra,MADRA_OPEN_P3_multi3,True,0,1.0,0.1,1.0,1.0,0.8,1.0,0.816666666667,6,scored
madra,MADRA_OPEN_P4_single,True,0,1.0,0.1,1.0,1.0,1.0,1.0,0.85,6,scored
madra,MADRA_OPEN_P4_multi3,True,0,1.0,0.1,1.0,1.0,0.8,1.0,0.816666666667,6,scored
madra,MADRA_OPEN_P5_single,False,0,not_applicable,not_applicable,not_applicable,not_applicable,not_applicable,not_applicable,not_applicable,0,blocked_by_core_failure
madra,MADRA_OPEN_P5_multi3,True,0,1.0,0.064,1.0,1.0,0.8,1.0,0.810666666667,8,scored
madra,MADRA_OPEN_P6_single,False,0,not_applicable,not_applicable,not_applicable,not_applicable,not_applicable,not_applicable,not_applicable,0,blocked_by_core_failure
madra,MADRA_OPEN_P6_multi3,True,0,1.0,0.064,1.0,1.0,0.8,1.0,0.810666666667,8,scored
madra,MADRA_OPEN_P7_single,False,0,not_applicable,not_applicable,not_applicable,not_applicable,not_applicable,not_applicable,not_applicable,0,blocked_by_core_failure
madra,MADRA_OPEN_P7_multi3,True,0,1.0,0.041,1.0,1.0,0.5,1.0,0.756833333333,10,scored
madra,MADRA_OPEN_P8_single,True,0,1.0,0.041,1.0,1.0,0.5,1.0,0.756833333333,10,scored
madra,MADRA_OPEN_P8_multi3,True,0,1.0,0.041,1.0,1.0,0.5,1.0,0.756833333333,10,scored
madra,MADRA_OPEN_P9_single,False,0,not_applicable,not_applicable,not_applicable,not_applicable,not_applicable,not_applicable,not_applicable,0,blocked_by_core_failure
madra,MADRA_OPEN_P9_multi3,True,0,1.0,0.03,1.0,1.0,0.375,1.0,0.734166666667,15,scored
madra,MADRA_OPEN_P10_single,True,0,1.0,0.016,1.0,1.0,0.2,1.0,0.702666666667,20,scored
madra,MADRA_OPEN_P10_multi3,True,0,1.0,0.016,1.0,1.0,0.2,1.0,0.702666666667,20,scored
