benchmark_family,sample_label,profile_id,scalar_preference_score,scalar_preference_status,available_weight_ratio,hard_gate_failed_components,critical_missing_components,preference_reason
swta,MultiSWTA1_Type0_NT100_NS10_NC9_NV10_NW9_O2,W_balanced,0.722085,available,1,[],[],unavailable
swta,MultiSWTA1_Type0_NT100_NS10_NC9_NV10_NW9_O2,W_effectiveness,0.51917,available,1,[],[],unavailable
swta,MultiSWTA1_Type0_NT100_NS10_NC9_NV10_NW9_O2,W_high_value_protection,0.647085,available,1,[],[],unavailable
swta,MultiSWTA1_Type0_NT100_NS10_NC9_NV10_NW9_O2,W_resource_conservative,0.812668,available,1,[],[],unavailable
swta,MultiSWTA1_Type0_NT100_NS10_NC9_NV10_NW9_O2,W_timeliness,0.812668,available,1,[],[],unavailable
swta,MultiSWTA1_Type0_NT100_NS10_NC9_NV10_NW9_O3,W_balanced,0.722085,available,1,[],[],unavailable
swta,MultiSWTA1_Type0_NT100_NS10_NC9_NV10_NW9_O3,W_effectiveness,0.51917,available,1,[],[],unavailable
swta,MultiSWTA1_Type0_NT100_NS10_NC9_NV10_NW9_O3,W_high_value_protection,0.647085,available,1,[],[],unavailable
swta,MultiSWTA1_Type0_NT100_NS10_NC9_NV10_NW9_O3,W_resource_conservative,0.812668,available,1,[],[],unavailable
swta,MultiSWTA1_Type0_NT100_NS10_NC9_NV10_NW9_O3,W_timeliness,0.812668,available,1,[],[],unavailable
swta,MultiSWTA1_Type0_NT100_NS10_NC9_NV10_NW9_O4,W_balanced,0.722085,available,1,[],[],unavailable
swta,MultiSWTA1_Type0_NT100_NS10_NC9_NV10_NW9_O4,W_effectiveness,0.51917,available,1,[],[],unavailable
swta,MultiSWTA1_Type0_NT100_NS10_NC9_NV10_NW9_O4,W_high_value_protection,0.647085,available,1,[],[],unavailable
swta,MultiSWTA1_Type0_NT100_NS10_NC9_NV10_NW9_O4,W_resource_conservative,0.812668,available,1,[],[],unavailable
swta,MultiSWTA1_Type0_NT100_NS10_NC9_NV10_NW9_O4,W_timeliness,0.812668,available,1,[],[],unavailable
swta,MultiSWTA1_Type0_NT100_NS6_NC6_NV6_NW6_O2,W_balanced,0.673396,available,1,[],[],unavailable
swta,MultiSWTA1_Type0_NT100_NS6_NC6_NV6_NW6_O2,W_effectiveness,0.451792,available,1,[],[],unavailable
swta,MultiSWTA1_Type0_NT100_NS6_NC6_NV6_NW6_O2,W_high_value_protection,0.568396,available,1,[],[],unavailable
swta,MultiSWTA1_Type0_NT100_NS6_NC6_NV6_NW6_O2,W_resource_conservative,0.787717,available,1,[],[],unavailable
swta,MultiSWTA1_Type0_NT100_NS6_NC6_NV6_NW6_O2,W_timeliness,0.787717,available,1,[],[],unavailable
swta,MultiSWTA1_Type0_NT100_NS6_NC6_NV6_NW6_O3,W_balanced,0.673396,available,1,[],[],unavailable
swta,MultiSWTA1_Type0_NT100_NS6_NC6_NV6_NW6_O3,W_effectiveness,0.451792,available,1,[],[],unavailable
swta,MultiSWTA1_Type0_NT100_NS6_NC6_NV6_NW6_O3,W_high_value_protection,0.568396,available,1,[],[],unavailable
swta,MultiSWTA1_Type0_NT100_NS6_NC6_NV6_NW6_O3,W_resource_conservative,0.787717,available,1,[],[],unavailable
swta,MultiSWTA1_Type0_NT100_NS6_NC6_NV6_NW6_O3,W_timeliness,0.787717,available,1,[],[],unavailable
swta,MultiSWTA1_Type0_NT100_NS6_NC6_NV6_NW6_O4,W_balanced,0.673396,available,1,[],[],unavailable
swta,MultiSWTA1_Type0_NT100_NS6_NC6_NV6_NW6_O4,W_effectiveness,0.451792,available,1,[],[],unavailable
swta,MultiSWTA1_Type0_NT100_NS6_NC6_NV6_NW6_O4,W_high_value_protection,0.568396,available,1,[],[],unavailable
swta,MultiSWTA1_Type0_NT100_NS6_NC6_NV6_NW6_O4,W_resource_conservative,0.787717,available,1,[],[],unavailable
swta,MultiSWTA1_Type0_NT100_NS6_NC6_NV6_NW6_O4,W_timeliness,0.787717,available,1,[],[],unavailable
swta,MultiSWTA1_Type0_NT200_NS12_NC6_NV12_NW6_O2,W_balanced,0.674071,available,1,[],[],unavailable
swta,MultiSWTA1_Type0_NT200_NS12_NC6_NV12_NW6_O2,W_effectiveness,0.453141,available,1,[],[],unavailable
swta,MultiSWTA1_Type0_NT200_NS12_NC6_NV12_NW6_O2,W_high_value_protection,0.569071,available,1,[],[],unavailable
swta,MultiSWTA1_Type0_NT200_NS12_NC6_NV12_NW6_O2,W_resource_conservative,0.788256,available,1,[],[],unavailable
swta,MultiSWTA1_Type0_NT200_NS12_NC6_NV12_NW6_O2,W_timeliness,0.788256,available,1,[],[],unavailable
swta,MultiSWTA1_Type0_NT200_NS12_NC6_NV12_NW6_O3,W_balanced,0.674071,available,1,[],[],unavailable
swta,MultiSWTA1_Type0_NT200_NS12_NC6_NV12_NW6_O3,W_effectiveness,0.453141,available,1,[],[],unavailable
swta,MultiSWTA1_Type0_NT200_NS12_NC6_NV12_NW6_O3,W_high_value_protection,0.569071,available,1,[],[],unavailable
swta,MultiSWTA1_Type0_NT200_NS12_NC6_NV12_NW6_O3,W_resource_conservative,0.788256,available,1,[],[],unavailable
swta,MultiSWTA1_Type0_NT200_NS12_NC6_NV12_NW6_O3,W_timeliness,0.788256,available,1,[],[],unavailable
swta,MultiSWTA1_Type0_NT200_NS12_NC6_NV12_NW6_O4,W_balanced,0.674071,available,1,[],[],unavailable
swta,MultiSWTA1_Type0_NT200_NS12_NC6_NV12_NW6_O4,W_effectiveness,0.453141,available,1,[],[],unavailable
swta,MultiSWTA1_Type0_NT200_NS12_NC6_NV12_NW6_O4,W_high_value_protection,0.569071,available,1,[],[],unavailable
swta,MultiSWTA1_Type0_NT200_NS12_NC6_NV12_NW6_O4,W_resource_conservative,0.788256,available,1,[],[],unavailable
swta,MultiSWTA1_Type0_NT200_NS12_NC6_NV12_NW6_O4,W_timeliness,0.788256,available,1,[],[],unavailable
swta,MultiSWTA1_Type0_NT200_NS15_NC12_NV15_NW12_O2,W_balanced,0.692452,available,1,[],[],unavailable
swta,MultiSWTA1_Type0_NT200_NS15_NC12_NV15_NW12_O2,W_effectiveness,0.478653,available,1,[],[],unavailable
swta,MultiSWTA1_Type0_NT200_NS15_NC12_NV15_NW12_O2,W_high_value_protection,0.598702,available,1,[],[],unavailable
swta,MultiSWTA1_Type0_NT200_NS15_NC12_NV15_NW12_O2,W_resource_conservative,0.797711,available,1,[],[],unavailable
swta,MultiSWTA1_Type0_NT200_NS15_NC12_NV15_NW12_O2,W_timeliness,0.797711,available,1,[],[],unavailable
swta,MultiSWTA1_Type0_NT200_NS15_NC12_NV15_NW12_O3,W_balanced,0.692452,available,1,[],[],unavailable
swta,MultiSWTA1_Type0_NT200_NS15_NC12_NV15_NW12_O3,W_effectiveness,0.478653,available,1,[],[],unavailable
swta,MultiSWTA1_Type0_NT200_NS15_NC12_NV15_NW12_O3,W_high_value_protection,0.598702,available,1,[],[],unavailable
swta,MultiSWTA1_Type0_NT200_NS15_NC12_NV15_NW12_O3,W_resource_conservative,0.797711,available,1,[],[],unavailable
swta,MultiSWTA1_Type0_NT200_NS15_NC12_NV15_NW12_O3,W_timeliness,0.797711,available,1,[],[],unavailable
swta,MultiSWTA1_Type0_NT200_NS15_NC12_NV15_NW12_O4,W_balanced,0.692452,available,1,[],[],unavailable
swta,MultiSWTA1_Type0_NT200_NS15_NC12_NV15_NW12_O4,W_effectiveness,0.478653,available,1,[],[],unavailable
swta,MultiSWTA1_Type0_NT200_NS15_NC12_NV15_NW12_O4,W_high_value_protection,0.598702,available,1,[],[],unavailable
swta,MultiSWTA1_Type0_NT200_NS15_NC12_NV15_NW12_O4,W_resource_conservative,0.797711,available,1,[],[],unavailable
swta,MultiSWTA1_Type0_NT200_NS15_NC12_NV15_NW12_O4,W_timeliness,0.797711,available,1,[],[],unavailable
swta,MultiSWTA1_Type0_NT50_NS5_NC2_NV5_NW2_O2,W_balanced,0.718938,available,1,[],[],unavailable
swta,MultiSWTA1_Type0_NT50_NS5_NC2_NV5_NW2_O2,W_effectiveness,0.512876,available,1,[],[],unavailable
swta,MultiSWTA1_Type0_NT50_NS5_NC2_NV5_NW2_O2,W_high_value_protection,0.643938,available,1,[],[],unavailable
swta,MultiSWTA1_Type0_NT50_NS5_NC2_NV5_NW2_O2,W_resource_conservative,0.81015,available,1,[],[],unavailable
swta,MultiSWTA1_Type0_NT50_NS5_NC2_NV5_NW2_O2,W_timeliness,0.81015,available,1,[],[],unavailable
swta,MultiSWTA1_Type0_NT50_NS5_NC2_NV5_NW2_O3,W_balanced,0.718938,available,1,[],[],unavailable
swta,MultiSWTA1_Type0_NT50_NS5_NC2_NV5_NW2_O3,W_effectiveness,0.512876,available,1,[],[],unavailable
swta,MultiSWTA1_Type0_NT50_NS5_NC2_NV5_NW2_O3,W_high_value_protection,0.643938,available,1,[],[],unavailable
swta,MultiSWTA1_Type0_NT50_NS5_NC2_NV5_NW2_O3,W_resource_conservative,0.81015,available,1,[],[],unavailable
swta,MultiSWTA1_Type0_NT50_NS5_NC2_NV5_NW2_O3,W_timeliness,0.81015,available,1,[],[],unavailable
swta,MultiSWTA1_Type0_NT50_NS5_NC2_NV5_NW2_O4,W_balanced,0.718938,available,1,[],[],unavailable
swta,MultiSWTA1_Type0_NT50_NS5_NC2_NV5_NW2_O4,W_effectiveness,0.512876,available,1,[],[],unavailable
swta,MultiSWTA1_Type0_NT50_NS5_NC2_NV5_NW2_O4,W_high_value_protection,0.643938,available,1,[],[],unavailable
swta,MultiSWTA1_Type0_NT50_NS5_NC2_NV5_NW2_O4,W_resource_conservative,0.81015,available,1,[],[],unavailable
swta,MultiSWTA1_Type0_NT50_NS5_NC2_NV5_NW2_O4,W_timeliness,0.81015,available,1,[],[],unavailable
swta,MultiSWTA1_Type0_NT50_NS8_NC6_NV8_NW6_O2,W_balanced,0.787061,available,1,[],[],unavailable
swta,MultiSWTA1_Type0_NT50_NS8_NC6_NV8_NW6_O2,W_effectiveness,0.604123,available,1,[],[],unavailable
swta,MultiSWTA1_Type0_NT50_NS8_NC6_NV8_NW6_O2,W_high_value_protection,0.757062,available,1,[],[],unavailable
swta,MultiSWTA1_Type0_NT50_NS8_NC6_NV8_NW6_O2,W_resource_conservative,0.843649,available,1,[],[],unavailable
swta,MultiSWTA1_Type0_NT50_NS8_NC6_NV8_NW6_O2,W_timeliness,0.843649,available,1,[],[],unavailable
swta,MultiSWTA1_Type0_NT50_NS8_NC6_NV8_NW6_O3,W_balanced,0.787061,available,1,[],[],unavailable
swta,MultiSWTA1_Type0_NT50_NS8_NC6_NV8_NW6_O3,W_effectiveness,0.604123,available,1,[],[],unavailable
swta,MultiSWTA1_Type0_NT50_NS8_NC6_NV8_NW6_O3,W_high_value_protection,0.757062,available,1,[],[],unavailable
swta,MultiSWTA1_Type0_NT50_NS8_NC6_NV8_NW6_O3,W_resource_conservative,0.843649,available,1,[],[],unavailable
swta,MultiSWTA1_Type0_NT50_NS8_NC6_NV8_NW6_O3,W_timeliness,0.843649,available,1,[],[],unavailable
swta,MultiSWTA1_Type0_NT50_NS8_NC6_NV8_NW6_O4,W_balanced,unavailable,not_applicable,0,[],"[""public_feasibility"", ""defense_effectiveness""]",Domain report status is blocked_by_core_failure; no solution-grounded WTA preference score applies.
swta,MultiSWTA1_Type0_NT50_NS8_NC6_NV8_NW6_O4,W_effectiveness,unavailable,not_applicable,0,[],"[""public_feasibility"", ""defense_effectiveness""]",Domain report status is blocked_by_core_failure; no solution-grounded WTA preference score applies.
swta,MultiSWTA1_Type0_NT50_NS8_NC6_NV8_NW6_O4,W_high_value_protection,unavailable,not_applicable,0,[],"[""public_feasibility"", ""defense_effectiveness"", ""high_value_protection""]",Domain report status is blocked_by_core_failure; no solution-grounded WTA preference score applies.
swta,MultiSWTA1_Type0_NT50_NS8_NC6_NV8_NW6_O4,W_resource_conservative,unavailable,not_applicable,0,[],"[""public_feasibility"", ""defense_effectiveness"", ""resource_quality""]",Domain report status is blocked_by_core_failure; no solution-grounded WTA preference score applies.
swta,MultiSWTA1_Type0_NT50_NS8_NC6_NV8_NW6_O4,W_timeliness,unavailable,not_applicable,0,[],"[""public_feasibility"", ""defense_effectiveness"", ""temporal_quality""]",Domain report status is blocked_by_core_failure; no solution-grounded WTA preference score applies.
swta,MultiSWTA2_Type0_NT100_NS10_NC9_NV10_NW9_O2,W_balanced,0.72047,available,1,[],[],unavailable
swta,MultiSWTA2_Type0_NT100_NS10_NC9_NV10_NW9_O2,W_effectiveness,0.51594,available,1,[],[],unavailable
swta,MultiSWTA2_Type0_NT100_NS10_NC9_NV10_NW9_O2,W_high_value_protection,0.64547,available,1,[],[],unavailable
swta,MultiSWTA2_Type0_NT100_NS10_NC9_NV10_NW9_O2,W_resource_conservative,0.811376,available,1,[],[],unavailable
swta,MultiSWTA2_Type0_NT100_NS10_NC9_NV10_NW9_O2,W_timeliness,0.811376,available,1,[],[],unavailable
swta,MultiSWTA2_Type0_NT100_NS10_NC9_NV10_NW9_O3,W_balanced,0.72047,available,1,[],[],unavailable
swta,MultiSWTA2_Type0_NT100_NS10_NC9_NV10_NW9_O3,W_effectiveness,0.51594,available,1,[],[],unavailable
swta,MultiSWTA2_Type0_NT100_NS10_NC9_NV10_NW9_O3,W_high_value_protection,0.64547,available,1,[],[],unavailable
swta,MultiSWTA2_Type0_NT100_NS10_NC9_NV10_NW9_O3,W_resource_conservative,0.811376,available,1,[],[],unavailable
swta,MultiSWTA2_Type0_NT100_NS10_NC9_NV10_NW9_O3,W_timeliness,0.811376,available,1,[],[],unavailable
swta,MultiSWTA2_Type0_NT100_NS10_NC9_NV10_NW9_O4,W_balanced,0.72047,available,1,[],[],unavailable
swta,MultiSWTA2_Type0_NT100_NS10_NC9_NV10_NW9_O4,W_effectiveness,0.51594,available,1,[],[],unavailable
swta,MultiSWTA2_Type0_NT100_NS10_NC9_NV10_NW9_O4,W_high_value_protection,0.64547,available,1,[],[],unavailable
swta,MultiSWTA2_Type0_NT100_NS10_NC9_NV10_NW9_O4,W_resource_conservative,0.811376,available,1,[],[],unavailable
swta,MultiSWTA2_Type0_NT100_NS10_NC9_NV10_NW9_O4,W_timeliness,0.811376,available,1,[],[],unavailable
swta,MultiSWTA2_Type0_NT100_NS6_NC6_NV6_NW6_O2,W_balanced,0.672826,available,1,[],[],unavailable
swta,MultiSWTA2_Type0_NT100_NS6_NC6_NV6_NW6_O2,W_effectiveness,0.450652,available,1,[],[],unavailable
swta,MultiSWTA2_Type0_NT100_NS6_NC6_NV6_NW6_O2,W_high_value_protection,0.567826,available,1,[],[],unavailable
swta,MultiSWTA2_Type0_NT100_NS6_NC6_NV6_NW6_O2,W_resource_conservative,0.787261,available,1,[],[],unavailable
swta,MultiSWTA2_Type0_NT100_NS6_NC6_NV6_NW6_O2,W_timeliness,0.787261,available,1,[],[],unavailable
swta,MultiSWTA2_Type0_NT100_NS6_NC6_NV6_NW6_O3,W_balanced,0.672826,available,1,[],[],unavailable
swta,MultiSWTA2_Type0_NT100_NS6_NC6_NV6_NW6_O3,W_effectiveness,0.450652,available,1,[],[],unavailable
swta,MultiSWTA2_Type0_NT100_NS6_NC6_NV6_NW6_O3,W_high_value_protection,0.567826,available,1,[],[],unavailable
swta,MultiSWTA2_Type0_NT100_NS6_NC6_NV6_NW6_O3,W_resource_conservative,0.787261,available,1,[],[],unavailable
swta,MultiSWTA2_Type0_NT100_NS6_NC6_NV6_NW6_O3,W_timeliness,0.787261,available,1,[],[],unavailable
swta,MultiSWTA2_Type0_NT100_NS6_NC6_NV6_NW6_O4,W_balanced,0.672826,available,1,[],[],unavailable
swta,MultiSWTA2_Type0_NT100_NS6_NC6_NV6_NW6_O4,W_effectiveness,0.450652,available,1,[],[],unavailable
swta,MultiSWTA2_Type0_NT100_NS6_NC6_NV6_NW6_O4,W_high_value_protection,0.567826,available,1,[],[],unavailable
swta,MultiSWTA2_Type0_NT100_NS6_NC6_NV6_NW6_O4,W_resource_conservative,0.787261,available,1,[],[],unavailable
swta,MultiSWTA2_Type0_NT100_NS6_NC6_NV6_NW6_O4,W_timeliness,0.787261,available,1,[],[],unavailable
swta,MultiSWTA2_Type0_NT200_NS12_NC6_NV12_NW6_O2,W_balanced,0.673872,available,1,[],[],unavailable
swta,MultiSWTA2_Type0_NT200_NS12_NC6_NV12_NW6_O2,W_effectiveness,0.452743,available,1,[],[],unavailable
swta,MultiSWTA2_Type0_NT200_NS12_NC6_NV12_NW6_O2,W_high_value_protection,0.568871,available,1,[],[],unavailable
swta,MultiSWTA2_Type0_NT200_NS12_NC6_NV12_NW6_O2,W_resource_conservative,0.788097,available,1,[],[],unavailable
swta,MultiSWTA2_Type0_NT200_NS12_NC6_NV12_NW6_O2,W_timeliness,0.788097,available,1,[],[],unavailable
swta,MultiSWTA2_Type0_NT200_NS12_NC6_NV12_NW6_O3,W_balanced,0.673872,available,1,[],[],unavailable
swta,MultiSWTA2_Type0_NT200_NS12_NC6_NV12_NW6_O3,W_effectiveness,0.452743,available,1,[],[],unavailable
swta,MultiSWTA2_Type0_NT200_NS12_NC6_NV12_NW6_O3,W_high_value_protection,0.568871,available,1,[],[],unavailable
swta,MultiSWTA2_Type0_NT200_NS12_NC6_NV12_NW6_O3,W_resource_conservative,0.788097,available,1,[],[],unavailable
swta,MultiSWTA2_Type0_NT200_NS12_NC6_NV12_NW6_O3,W_timeliness,0.788097,available,1,[],[],unavailable
swta,MultiSWTA2_Type0_NT200_NS12_NC6_NV12_NW6_O4,W_balanced,0.673872,available,1,[],[],unavailable
swta,MultiSWTA2_Type0_NT200_NS12_NC6_NV12_NW6_O4,W_effectiveness,0.452743,available,1,[],[],unavailable
swta,MultiSWTA2_Type0_NT200_NS12_NC6_NV12_NW6_O4,W_high_value_protection,0.568871,available,1,[],[],unavailable
swta,MultiSWTA2_Type0_NT200_NS12_NC6_NV12_NW6_O4,W_resource_conservative,0.788097,available,1,[],[],unavailable
swta,MultiSWTA2_Type0_NT200_NS12_NC6_NV12_NW6_O4,W_timeliness,0.788097,available,1,[],[],unavailable
swta,MultiSWTA2_Type0_NT200_NS15_NC12_NV15_NW12_O2,W_balanced,0.695985,available,1,[],[],unavailable
swta,MultiSWTA2_Type0_NT200_NS15_NC12_NV15_NW12_O2,W_effectiveness,0.48572,available,1,[],[],unavailable
swta,MultiSWTA2_Type0_NT200_NS15_NC12_NV15_NW12_O2,W_high_value_protection,0.602235,available,1,[],[],unavailable
swta,MultiSWTA2_Type0_NT200_NS15_NC12_NV15_NW12_O2,W_resource_conservative,0.800538,available,1,[],[],unavailable
swta,MultiSWTA2_Type0_NT200_NS15_NC12_NV15_NW12_O2,W_timeliness,0.800538,available,1,[],[],unavailable
swta,MultiSWTA2_Type0_NT200_NS15_NC12_NV15_NW12_O3,W_balanced,0.695985,available,1,[],[],unavailable
swta,MultiSWTA2_Type0_NT200_NS15_NC12_NV15_NW12_O3,W_effectiveness,0.48572,available,1,[],[],unavailable
swta,MultiSWTA2_Type0_NT200_NS15_NC12_NV15_NW12_O3,W_high_value_protection,0.602235,available,1,[],[],unavailable
swta,MultiSWTA2_Type0_NT200_NS15_NC12_NV15_NW12_O3,W_resource_conservative,0.800538,available,1,[],[],unavailable
swta,MultiSWTA2_Type0_NT200_NS15_NC12_NV15_NW12_O3,W_timeliness,0.800538,available,1,[],[],unavailable
swta,MultiSWTA2_Type0_NT200_NS15_NC12_NV15_NW12_O4,W_balanced,0.695985,available,1,[],[],unavailable
swta,MultiSWTA2_Type0_NT200_NS15_NC12_NV15_NW12_O4,W_effectiveness,0.48572,available,1,[],[],unavailable
swta,MultiSWTA2_Type0_NT200_NS15_NC12_NV15_NW12_O4,W_high_value_protection,0.602235,available,1,[],[],unavailable
swta,MultiSWTA2_Type0_NT200_NS15_NC12_NV15_NW12_O4,W_resource_conservative,0.800538,available,1,[],[],unavailable
swta,MultiSWTA2_Type0_NT200_NS15_NC12_NV15_NW12_O4,W_timeliness,0.800538,available,1,[],[],unavailable
swta,MultiSWTA2_Type0_NT50_NS5_NC2_NV5_NW2_O2,W_balanced,0.721722,available,1,[],[],unavailable
swta,MultiSWTA2_Type0_NT50_NS5_NC2_NV5_NW2_O2,W_effectiveness,0.518444,available,1,[],[],unavailable
swta,MultiSWTA2_Type0_NT50_NS5_NC2_NV5_NW2_O2,W_high_value_protection,0.646722,available,1,[],[],unavailable
swta,MultiSWTA2_Type0_NT50_NS5_NC2_NV5_NW2_O2,W_resource_conservative,0.812378,available,1,[],[],unavailable
swta,MultiSWTA2_Type0_NT50_NS5_NC2_NV5_NW2_O2,W_timeliness,0.812378,available,1,[],[],unavailable
swta,MultiSWTA2_Type0_NT50_NS5_NC2_NV5_NW2_O3,W_balanced,0.721722,available,1,[],[],unavailable
swta,MultiSWTA2_Type0_NT50_NS5_NC2_NV5_NW2_O3,W_effectiveness,0.518444,available,1,[],[],unavailable
swta,MultiSWTA2_Type0_NT50_NS5_NC2_NV5_NW2_O3,W_high_value_protection,0.646722,available,1,[],[],unavailable
swta,MultiSWTA2_Type0_NT50_NS5_NC2_NV5_NW2_O3,W_resource_conservative,0.812378,available,1,[],[],unavailable
swta,MultiSWTA2_Type0_NT50_NS5_NC2_NV5_NW2_O3,W_timeliness,0.812378,available,1,[],[],unavailable
swta,MultiSWTA2_Type0_NT50_NS5_NC2_NV5_NW2_O4,W_balanced,0.721722,available,1,[],[],unavailable
swta,MultiSWTA2_Type0_NT50_NS5_NC2_NV5_NW2_O4,W_effectiveness,0.518444,available,1,[],[],unavailable
swta,MultiSWTA2_Type0_NT50_NS5_NC2_NV5_NW2_O4,W_high_value_protection,0.646722,available,1,[],[],unavailable
swta,MultiSWTA2_Type0_NT50_NS5_NC2_NV5_NW2_O4,W_resource_conservative,0.812378,available,1,[],[],unavailable
swta,MultiSWTA2_Type0_NT50_NS5_NC2_NV5_NW2_O4,W_timeliness,0.812378,available,1,[],[],unavailable
swta,MultiSWTA2_Type0_NT50_NS8_NC6_NV8_NW6_O2,W_balanced,0.797277,available,1,[],[],unavailable
swta,MultiSWTA2_Type0_NT50_NS8_NC6_NV8_NW6_O2,W_effectiveness,0.624553,available,1,[],[],unavailable
swta,MultiSWTA2_Type0_NT50_NS8_NC6_NV8_NW6_O2,W_high_value_protection,0.767277,available,1,[],[],unavailable
swta,MultiSWTA2_Type0_NT50_NS8_NC6_NV8_NW6_O2,W_resource_conservative,0.851821,available,1,[],[],unavailable
swta,MultiSWTA2_Type0_NT50_NS8_NC6_NV8_NW6_O2,W_timeliness,0.851821,available,1,[],[],unavailable
swta,MultiSWTA2_Type0_NT50_NS8_NC6_NV8_NW6_O3,W_balanced,0.797277,available,1,[],[],unavailable
swta,MultiSWTA2_Type0_NT50_NS8_NC6_NV8_NW6_O3,W_effectiveness,0.624553,available,1,[],[],unavailable
swta,MultiSWTA2_Type0_NT50_NS8_NC6_NV8_NW6_O3,W_high_value_protection,0.767277,available,1,[],[],unavailable
swta,MultiSWTA2_Type0_NT50_NS8_NC6_NV8_NW6_O3,W_resource_conservative,0.851821,available,1,[],[],unavailable
swta,MultiSWTA2_Type0_NT50_NS8_NC6_NV8_NW6_O3,W_timeliness,0.851821,available,1,[],[],unavailable
swta,MultiSWTA2_Type0_NT50_NS8_NC6_NV8_NW6_O4,W_balanced,0.797277,available,1,[],[],unavailable
swta,MultiSWTA2_Type0_NT50_NS8_NC6_NV8_NW6_O4,W_effectiveness,0.624553,available,1,[],[],unavailable
swta,MultiSWTA2_Type0_NT50_NS8_NC6_NV8_NW6_O4,W_high_value_protection,0.767277,available,1,[],[],unavailable
swta,MultiSWTA2_Type0_NT50_NS8_NC6_NV8_NW6_O4,W_resource_conservative,0.851821,available,1,[],[],unavailable
swta,MultiSWTA2_Type0_NT50_NS8_NC6_NV8_NW6_O4,W_timeliness,0.851821,available,1,[],[],unavailable
swta,MultiSWTA2_Type1_NT100_NS10_NC9_NV10_NW9_O2,W_balanced,0.717355,available,1,[],[],unavailable
swta,MultiSWTA2_Type1_NT100_NS10_NC9_NV10_NW9_O2,W_effectiveness,0.509711,available,1,[],[],unavailable
swta,MultiSWTA2_Type1_NT100_NS10_NC9_NV10_NW9_O2,W_high_value_protection,0.642356,available,1,[],[],unavailable
swta,MultiSWTA2_Type1_NT100_NS10_NC9_NV10_NW9_O2,W_resource_conservative,0.808884,available,1,[],[],unavailable
swta,MultiSWTA2_Type1_NT100_NS10_NC9_NV10_NW9_O2,W_timeliness,0.808884,available,1,[],[],unavailable
swta,MultiSWTA2_Type1_NT100_NS10_NC9_NV10_NW9_O3,W_balanced,0.717355,available,1,[],[],unavailable
swta,MultiSWTA2_Type1_NT100_NS10_NC9_NV10_NW9_O3,W_effectiveness,0.509711,available,1,[],[],unavailable
swta,MultiSWTA2_Type1_NT100_NS10_NC9_NV10_NW9_O3,W_high_value_protection,0.642356,available,1,[],[],unavailable
swta,MultiSWTA2_Type1_NT100_NS10_NC9_NV10_NW9_O3,W_resource_conservative,0.808884,available,1,[],[],unavailable
swta,MultiSWTA2_Type1_NT100_NS10_NC9_NV10_NW9_O3,W_timeliness,0.808884,available,1,[],[],unavailable
swta,MultiSWTA2_Type1_NT100_NS10_NC9_NV10_NW9_O4,W_balanced,0.717355,available,1,[],[],unavailable
swta,MultiSWTA2_Type1_NT100_NS10_NC9_NV10_NW9_O4,W_effectiveness,0.509711,available,1,[],[],unavailable
swta,MultiSWTA2_Type1_NT100_NS10_NC9_NV10_NW9_O4,W_high_value_protection,0.642356,available,1,[],[],unavailable
swta,MultiSWTA2_Type1_NT100_NS10_NC9_NV10_NW9_O4,W_resource_conservative,0.808884,available,1,[],[],unavailable
swta,MultiSWTA2_Type1_NT100_NS10_NC9_NV10_NW9_O4,W_timeliness,0.808884,available,1,[],[],unavailable
swta,MultiSWTA2_Type1_NT100_NS6_NC6_NV6_NW6_O2,W_balanced,0.673372,available,1,[],[],unavailable
swta,MultiSWTA2_Type1_NT100_NS6_NC6_NV6_NW6_O2,W_effectiveness,0.451743,available,1,[],[],unavailable
swta,MultiSWTA2_Type1_NT100_NS6_NC6_NV6_NW6_O2,W_high_value_protection,0.568372,available,1,[],[],unavailable
swta,MultiSWTA2_Type1_NT100_NS6_NC6_NV6_NW6_O2,W_resource_conservative,0.787697,available,1,[],[],unavailable
swta,MultiSWTA2_Type1_NT100_NS6_NC6_NV6_NW6_O2,W_timeliness,0.787697,available,1,[],[],unavailable
swta,MultiSWTA2_Type1_NT100_NS6_NC6_NV6_NW6_O3,W_balanced,0.673372,available,1,[],[],unavailable
swta,MultiSWTA2_Type1_NT100_NS6_NC6_NV6_NW6_O3,W_effectiveness,0.451743,available,1,[],[],unavailable
swta,MultiSWTA2_Type1_NT100_NS6_NC6_NV6_NW6_O3,W_high_value_protection,0.568372,available,1,[],[],unavailable
swta,MultiSWTA2_Type1_NT100_NS6_NC6_NV6_NW6_O3,W_resource_conservative,0.787697,available,1,[],[],unavailable
swta,MultiSWTA2_Type1_NT100_NS6_NC6_NV6_NW6_O3,W_timeliness,0.787697,available,1,[],[],unavailable
swta,MultiSWTA2_Type1_NT100_NS6_NC6_NV6_NW6_O4,W_balanced,0.673372,available,1,[],[],unavailable
swta,MultiSWTA2_Type1_NT100_NS6_NC6_NV6_NW6_O4,W_effectiveness,0.451743,available,1,[],[],unavailable
swta,MultiSWTA2_Type1_NT100_NS6_NC6_NV6_NW6_O4,W_high_value_protection,0.568372,available,1,[],[],unavailable
swta,MultiSWTA2_Type1_NT100_NS6_NC6_NV6_NW6_O4,W_resource_conservative,0.787697,available,1,[],[],unavailable
swta,MultiSWTA2_Type1_NT100_NS6_NC6_NV6_NW6_O4,W_timeliness,0.787697,available,1,[],[],unavailable
swta,MultiSWTA2_Type1_NT200_NS12_NC6_NV12_NW6_O2,W_balanced,0.674212,available,1,[],[],unavailable
swta,MultiSWTA2_Type1_NT200_NS12_NC6_NV12_NW6_O2,W_effectiveness,0.453425,available,1,[],[],unavailable
swta,MultiSWTA2_Type1_NT200_NS12_NC6_NV12_NW6_O2,W_high_value_protection,0.569213,available,1,[],[],unavailable
swta,MultiSWTA2_Type1_NT200_NS12_NC6_NV12_NW6_O2,W_resource_conservative,0.78837,available,1,[],[],unavailable
swta,MultiSWTA2_Type1_NT200_NS12_NC6_NV12_NW6_O2,W_timeliness,0.78837,available,1,[],[],unavailable
swta,MultiSWTA2_Type1_NT200_NS12_NC6_NV12_NW6_O3,W_balanced,0.674212,available,1,[],[],unavailable
swta,MultiSWTA2_Type1_NT200_NS12_NC6_NV12_NW6_O3,W_effectiveness,0.453425,available,1,[],[],unavailable
swta,MultiSWTA2_Type1_NT200_NS12_NC6_NV12_NW6_O3,W_high_value_protection,0.569213,available,1,[],[],unavailable
swta,MultiSWTA2_Type1_NT200_NS12_NC6_NV12_NW6_O3,W_resource_conservative,0.78837,available,1,[],[],unavailable
swta,MultiSWTA2_Type1_NT200_NS12_NC6_NV12_NW6_O3,W_timeliness,0.78837,available,1,[],[],unavailable
swta,MultiSWTA2_Type1_NT200_NS12_NC6_NV12_NW6_O4,W_balanced,0.674212,available,1,[],[],unavailable
swta,MultiSWTA2_Type1_NT200_NS12_NC6_NV12_NW6_O4,W_effectiveness,0.453425,available,1,[],[],unavailable
swta,MultiSWTA2_Type1_NT200_NS12_NC6_NV12_NW6_O4,W_high_value_protection,0.569213,available,1,[],[],unavailable
swta,MultiSWTA2_Type1_NT200_NS12_NC6_NV12_NW6_O4,W_resource_conservative,0.78837,available,1,[],[],unavailable
swta,MultiSWTA2_Type1_NT200_NS12_NC6_NV12_NW6_O4,W_timeliness,0.78837,available,1,[],[],unavailable
swta,MultiSWTA2_Type1_NT200_NS15_NC12_NV15_NW12_O2,W_balanced,0.691608,available,1,[],[],unavailable
swta,MultiSWTA2_Type1_NT200_NS15_NC12_NV15_NW12_O2,W_effectiveness,0.476965,available,1,[],[],unavailable
swta,MultiSWTA2_Type1_NT200_NS15_NC12_NV15_NW12_O2,W_high_value_protection,0.597857,available,1,[],[],unavailable
swta,MultiSWTA2_Type1_NT200_NS15_NC12_NV15_NW12_O2,W_resource_conservative,0.797036,available,1,[],[],unavailable
swta,MultiSWTA2_Type1_NT200_NS15_NC12_NV15_NW12_O2,W_timeliness,0.797036,available,1,[],[],unavailable
swta,MultiSWTA2_Type1_NT200_NS15_NC12_NV15_NW12_O3,W_balanced,0.691608,available,1,[],[],unavailable
swta,MultiSWTA2_Type1_NT200_NS15_NC12_NV15_NW12_O3,W_effectiveness,0.476965,available,1,[],[],unavailable
swta,MultiSWTA2_Type1_NT200_NS15_NC12_NV15_NW12_O3,W_high_value_protection,0.597857,available,1,[],[],unavailable
swta,MultiSWTA2_Type1_NT200_NS15_NC12_NV15_NW12_O3,W_resource_conservative,0.797036,available,1,[],[],unavailable
swta,MultiSWTA2_Type1_NT200_NS15_NC12_NV15_NW12_O3,W_timeliness,0.797036,available,1,[],[],unavailable
swta,MultiSWTA2_Type1_NT200_NS15_NC12_NV15_NW12_O4,W_balanced,0.691608,available,1,[],[],unavailable
swta,MultiSWTA2_Type1_NT200_NS15_NC12_NV15_NW12_O4,W_effectiveness,0.476965,available,1,[],[],unavailable
swta,MultiSWTA2_Type1_NT200_NS15_NC12_NV15_NW12_O4,W_high_value_protection,0.597857,available,1,[],[],unavailable
swta,MultiSWTA2_Type1_NT200_NS15_NC12_NV15_NW12_O4,W_resource_conservative,0.797036,available,1,[],[],unavailable
swta,MultiSWTA2_Type1_NT200_NS15_NC12_NV15_NW12_O4,W_timeliness,0.797036,available,1,[],[],unavailable
swta,MultiSWTA2_Type1_NT50_NS5_NC2_NV5_NW2_O2,W_balanced,0.724331,available,1,[],[],unavailable
swta,MultiSWTA2_Type1_NT50_NS5_NC2_NV5_NW2_O2,W_effectiveness,0.523663,available,1,[],[],unavailable
swta,MultiSWTA2_Type1_NT50_NS5_NC2_NV5_NW2_O2,W_high_value_protection,0.649331,available,1,[],[],unavailable
swta,MultiSWTA2_Type1_NT50_NS5_NC2_NV5_NW2_O2,W_resource_conservative,0.814465,available,1,[],[],unavailable
swta,MultiSWTA2_Type1_NT50_NS5_NC2_NV5_NW2_O2,W_timeliness,0.814465,available,1,[],[],unavailable
swta,MultiSWTA2_Type1_NT50_NS5_NC2_NV5_NW2_O3,W_balanced,0.724331,available,1,[],[],unavailable
swta,MultiSWTA2_Type1_NT50_NS5_NC2_NV5_NW2_O3,W_effectiveness,0.523663,available,1,[],[],unavailable
swta,MultiSWTA2_Type1_NT50_NS5_NC2_NV5_NW2_O3,W_high_value_protection,0.649331,available,1,[],[],unavailable
swta,MultiSWTA2_Type1_NT50_NS5_NC2_NV5_NW2_O3,W_resource_conservative,0.814465,available,1,[],[],unavailable
swta,MultiSWTA2_Type1_NT50_NS5_NC2_NV5_NW2_O3,W_timeliness,0.814465,available,1,[],[],unavailable
swta,MultiSWTA2_Type1_NT50_NS5_NC2_NV5_NW2_O4,W_balanced,0.724331,available,1,[],[],unavailable
swta,MultiSWTA2_Type1_NT50_NS5_NC2_NV5_NW2_O4,W_effectiveness,0.523663,available,1,[],[],unavailable
swta,MultiSWTA2_Type1_NT50_NS5_NC2_NV5_NW2_O4,W_high_value_protection,0.649331,available,1,[],[],unavailable
swta,MultiSWTA2_Type1_NT50_NS5_NC2_NV5_NW2_O4,W_resource_conservative,0.814465,available,1,[],[],unavailable
swta,MultiSWTA2_Type1_NT50_NS5_NC2_NV5_NW2_O4,W_timeliness,0.814465,available,1,[],[],unavailable
swta,MultiSWTA2_Type1_NT50_NS8_NC6_NV8_NW6_O2,W_balanced,0.802848,available,1,[],[],unavailable
swta,MultiSWTA2_Type1_NT50_NS8_NC6_NV8_NW6_O2,W_effectiveness,0.635697,available,1,[],[],unavailable
swta,MultiSWTA2_Type1_NT50_NS8_NC6_NV8_NW6_O2,W_high_value_protection,0.772849,available,1,[],[],unavailable
swta,MultiSWTA2_Type1_NT50_NS8_NC6_NV8_NW6_O2,W_resource_conservative,0.856279,available,1,[],[],unavailable
swta,MultiSWTA2_Type1_NT50_NS8_NC6_NV8_NW6_O2,W_timeliness,0.856279,available,1,[],[],unavailable
swta,MultiSWTA2_Type1_NT50_NS8_NC6_NV8_NW6_O3,W_balanced,0.802848,available,1,[],[],unavailable
swta,MultiSWTA2_Type1_NT50_NS8_NC6_NV8_NW6_O3,W_effectiveness,0.635697,available,1,[],[],unavailable
swta,MultiSWTA2_Type1_NT50_NS8_NC6_NV8_NW6_O3,W_high_value_protection,0.772849,available,1,[],[],unavailable
swta,MultiSWTA2_Type1_NT50_NS8_NC6_NV8_NW6_O3,W_resource_conservative,0.856279,available,1,[],[],unavailable
swta,MultiSWTA2_Type1_NT50_NS8_NC6_NV8_NW6_O3,W_timeliness,0.856279,available,1,[],[],unavailable
swta,MultiSWTA2_Type1_NT50_NS8_NC6_NV8_NW6_O4,W_balanced,0.802848,available,1,[],[],unavailable
swta,MultiSWTA2_Type1_NT50_NS8_NC6_NV8_NW6_O4,W_effectiveness,0.635697,available,1,[],[],unavailable
swta,MultiSWTA2_Type1_NT50_NS8_NC6_NV8_NW6_O4,W_high_value_protection,0.772849,available,1,[],[],unavailable
swta,MultiSWTA2_Type1_NT50_NS8_NC6_NV8_NW6_O4,W_resource_conservative,0.856279,available,1,[],[],unavailable
swta,MultiSWTA2_Type1_NT50_NS8_NC6_NV8_NW6_O4,W_timeliness,0.856279,available,1,[],[],unavailable
swta,MultiSWTA3_Type0_NT100_NS10_NC9_NV10_NW9_O2,W_balanced,0.659976,available,1,[],[],unavailable
swta,MultiSWTA3_Type0_NT100_NS10_NC9_NV10_NW9_O2,W_effectiveness,0.432451,available,1,[],[],unavailable
swta,MultiSWTA3_Type0_NT100_NS10_NC9_NV10_NW9_O2,W_high_value_protection,0.547476,available,1,[],[],unavailable
swta,MultiSWTA3_Type0_NT100_NS10_NC9_NV10_NW9_O2,W_resource_conservative,0.780481,available,1,[],[],unavailable
swta,MultiSWTA3_Type0_NT100_NS10_NC9_NV10_NW9_O2,W_timeliness,0.780481,available,1,[],[],unavailable
swta,MultiSWTA3_Type0_NT100_NS10_NC9_NV10_NW9_O3,W_balanced,0.659976,available,1,[],[],unavailable
swta,MultiSWTA3_Type0_NT100_NS10_NC9_NV10_NW9_O3,W_effectiveness,0.432451,available,1,[],[],unavailable
swta,MultiSWTA3_Type0_NT100_NS10_NC9_NV10_NW9_O3,W_high_value_protection,0.547476,available,1,[],[],unavailable
swta,MultiSWTA3_Type0_NT100_NS10_NC9_NV10_NW9_O3,W_resource_conservative,0.780481,available,1,[],[],unavailable
swta,MultiSWTA3_Type0_NT100_NS10_NC9_NV10_NW9_O3,W_timeliness,0.780481,available,1,[],[],unavailable
swta,MultiSWTA3_Type0_NT100_NS10_NC9_NV10_NW9_O4,W_balanced,0.659976,available,1,[],[],unavailable
swta,MultiSWTA3_Type0_NT100_NS10_NC9_NV10_NW9_O4,W_effectiveness,0.432451,available,1,[],[],unavailable
swta,MultiSWTA3_Type0_NT100_NS10_NC9_NV10_NW9_O4,W_high_value_protection,0.547476,available,1,[],[],unavailable
swta,MultiSWTA3_Type0_NT100_NS10_NC9_NV10_NW9_O4,W_resource_conservative,0.780481,available,1,[],[],unavailable
swta,MultiSWTA3_Type0_NT100_NS10_NC9_NV10_NW9_O4,W_timeliness,0.780481,available,1,[],[],unavailable
swta,MultiSWTA3_Type0_NT100_NS6_NC6_NV6_NW6_O2,W_balanced,0.656479,available,1,[],[],unavailable
swta,MultiSWTA3_Type0_NT100_NS6_NC6_NV6_NW6_O2,W_effectiveness,0.425458,available,1,[],[],unavailable
swta,MultiSWTA3_Type0_NT100_NS6_NC6_NV6_NW6_O2,W_high_value_protection,0.543979,available,1,[],[],unavailable
swta,MultiSWTA3_Type0_NT100_NS6_NC6_NV6_NW6_O2,W_resource_conservative,0.777683,available,1,[],[],unavailable
swta,MultiSWTA3_Type0_NT100_NS6_NC6_NV6_NW6_O2,W_timeliness,0.777683,available,1,[],[],unavailable
swta,MultiSWTA3_Type0_NT100_NS6_NC6_NV6_NW6_O3,W_balanced,0.656479,available,1,[],[],unavailable
swta,MultiSWTA3_Type0_NT100_NS6_NC6_NV6_NW6_O3,W_effectiveness,0.425458,available,1,[],[],unavailable
swta,MultiSWTA3_Type0_NT100_NS6_NC6_NV6_NW6_O3,W_high_value_protection,0.543979,available,1,[],[],unavailable
swta,MultiSWTA3_Type0_NT100_NS6_NC6_NV6_NW6_O3,W_resource_conservative,0.777683,available,1,[],[],unavailable
swta,MultiSWTA3_Type0_NT100_NS6_NC6_NV6_NW6_O3,W_timeliness,0.777683,available,1,[],[],unavailable
swta,MultiSWTA3_Type0_NT100_NS6_NC6_NV6_NW6_O4,W_balanced,0.656479,available,1,[],[],unavailable
swta,MultiSWTA3_Type0_NT100_NS6_NC6_NV6_NW6_O4,W_effectiveness,0.425458,available,1,[],[],unavailable
swta,MultiSWTA3_Type0_NT100_NS6_NC6_NV6_NW6_O4,W_high_value_protection,0.543979,available,1,[],[],unavailable
swta,MultiSWTA3_Type0_NT100_NS6_NC6_NV6_NW6_O4,W_resource_conservative,0.777683,available,1,[],[],unavailable
swta,MultiSWTA3_Type0_NT100_NS6_NC6_NV6_NW6_O4,W_timeliness,0.777683,available,1,[],[],unavailable
swta,MultiSWTA3_Type0_NT200_NS12_NC6_NV12_NW6_O2,W_balanced,0.647541,available,1,[],[],unavailable
swta,MultiSWTA3_Type0_NT200_NS12_NC6_NV12_NW6_O2,W_effectiveness,0.415081,available,1,[],[],unavailable
swta,MultiSWTA3_Type0_NT200_NS12_NC6_NV12_NW6_O2,W_high_value_protection,0.527541,available,1,[],[],unavailable
swta,MultiSWTA3_Type0_NT200_NS12_NC6_NV12_NW6_O2,W_resource_conservative,0.774033,available,1,[],[],unavailable
swta,MultiSWTA3_Type0_NT200_NS12_NC6_NV12_NW6_O2,W_timeliness,0.774033,available,1,[],[],unavailable
swta,MultiSWTA3_Type0_NT200_NS12_NC6_NV12_NW6_O3,W_balanced,0.647541,available,1,[],[],unavailable
swta,MultiSWTA3_Type0_NT200_NS12_NC6_NV12_NW6_O3,W_effectiveness,0.415081,available,1,[],[],unavailable
swta,MultiSWTA3_Type0_NT200_NS12_NC6_NV12_NW6_O3,W_high_value_protection,0.527541,available,1,[],[],unavailable
swta,MultiSWTA3_Type0_NT200_NS12_NC6_NV12_NW6_O3,W_resource_conservative,0.774033,available,1,[],[],unavailable
swta,MultiSWTA3_Type0_NT200_NS12_NC6_NV12_NW6_O3,W_timeliness,0.774033,available,1,[],[],unavailable
swta,MultiSWTA3_Type0_NT200_NS12_NC6_NV12_NW6_O4,W_balanced,0.647541,available,1,[],[],unavailable
swta,MultiSWTA3_Type0_NT200_NS12_NC6_NV12_NW6_O4,W_effectiveness,0.415081,available,1,[],[],unavailable
swta,MultiSWTA3_Type0_NT200_NS12_NC6_NV12_NW6_O4,W_high_value_protection,0.527541,available,1,[],[],unavailable
swta,MultiSWTA3_Type0_NT200_NS12_NC6_NV12_NW6_O4,W_resource_conservative,0.774033,available,1,[],[],unavailable
swta,MultiSWTA3_Type0_NT200_NS12_NC6_NV12_NW6_O4,W_timeliness,0.774033,available,1,[],[],unavailable
swta,MultiSWTA3_Type0_NT200_NS15_NC12_NV15_NW12_O2,W_balanced,0.643405,available,1,[],[],unavailable
swta,MultiSWTA3_Type0_NT200_NS15_NC12_NV15_NW12_O2,W_effectiveness,0.410559,available,1,[],[],unavailable
swta,MultiSWTA3_Type0_NT200_NS15_NC12_NV15_NW12_O2,W_high_value_protection,0.519655,available,1,[],[],unavailable
swta,MultiSWTA3_Type0_NT200_NS15_NC12_NV15_NW12_O2,W_resource_conservative,0.772474,available,1,[],[],unavailable
swta,MultiSWTA3_Type0_NT200_NS15_NC12_NV15_NW12_O2,W_timeliness,0.772474,available,1,[],[],unavailable
swta,MultiSWTA3_Type0_NT200_NS15_NC12_NV15_NW12_O3,W_balanced,0.643405,available,1,[],[],unavailable
swta,MultiSWTA3_Type0_NT200_NS15_NC12_NV15_NW12_O3,W_effectiveness,0.410559,available,1,[],[],unavailable
swta,MultiSWTA3_Type0_NT200_NS15_NC12_NV15_NW12_O3,W_high_value_protection,0.519655,available,1,[],[],unavailable
swta,MultiSWTA3_Type0_NT200_NS15_NC12_NV15_NW12_O3,W_resource_conservative,0.772474,available,1,[],[],unavailable
swta,MultiSWTA3_Type0_NT200_NS15_NC12_NV15_NW12_O3,W_timeliness,0.772474,available,1,[],[],unavailable
swta,MultiSWTA3_Type0_NT200_NS15_NC12_NV15_NW12_O4,W_balanced,0.643405,available,1,[],[],unavailable
swta,MultiSWTA3_Type0_NT200_NS15_NC12_NV15_NW12_O4,W_effectiveness,0.410559,available,1,[],[],unavailable
swta,MultiSWTA3_Type0_NT200_NS15_NC12_NV15_NW12_O4,W_high_value_protection,0.519655,available,1,[],[],unavailable
swta,MultiSWTA3_Type0_NT200_NS15_NC12_NV15_NW12_O4,W_resource_conservative,0.772474,available,1,[],[],unavailable
swta,MultiSWTA3_Type0_NT200_NS15_NC12_NV15_NW12_O4,W_timeliness,0.772474,available,1,[],[],unavailable
swta,MultiSWTA3_Type0_NT50_NS5_NC2_NV5_NW2_O2,W_balanced,0.691748,available,1,[],[],unavailable
swta,MultiSWTA3_Type0_NT50_NS5_NC2_NV5_NW2_O2,W_effectiveness,0.473496,available,1,[],[],unavailable
swta,MultiSWTA3_Type0_NT50_NS5_NC2_NV5_NW2_O2,W_high_value_protection,0.601748,available,1,[],[],unavailable
swta,MultiSWTA3_Type0_NT50_NS5_NC2_NV5_NW2_O2,W_resource_conservative,0.795398,available,1,[],[],unavailable
swta,MultiSWTA3_Type0_NT50_NS5_NC2_NV5_NW2_O2,W_timeliness,0.795398,available,1,[],[],unavailable
swta,MultiSWTA3_Type0_NT50_NS5_NC2_NV5_NW2_O3,W_balanced,0.691748,available,1,[],[],unavailable
swta,MultiSWTA3_Type0_NT50_NS5_NC2_NV5_NW2_O3,W_effectiveness,0.473496,available,1,[],[],unavailable
swta,MultiSWTA3_Type0_NT50_NS5_NC2_NV5_NW2_O3,W_high_value_protection,0.601748,available,1,[],[],unavailable
swta,MultiSWTA3_Type0_NT50_NS5_NC2_NV5_NW2_O3,W_resource_conservative,0.795398,available,1,[],[],unavailable
swta,MultiSWTA3_Type0_NT50_NS5_NC2_NV5_NW2_O3,W_timeliness,0.795398,available,1,[],[],unavailable
swta,MultiSWTA3_Type0_NT50_NS5_NC2_NV5_NW2_O4,W_balanced,0.691748,available,1,[],[],unavailable
swta,MultiSWTA3_Type0_NT50_NS5_NC2_NV5_NW2_O4,W_effectiveness,0.473496,available,1,[],[],unavailable
swta,MultiSWTA3_Type0_NT50_NS5_NC2_NV5_NW2_O4,W_high_value_protection,0.601748,available,1,[],[],unavailable
swta,MultiSWTA3_Type0_NT50_NS5_NC2_NV5_NW2_O4,W_resource_conservative,0.795398,available,1,[],[],unavailable
swta,MultiSWTA3_Type0_NT50_NS5_NC2_NV5_NW2_O4,W_timeliness,0.795398,available,1,[],[],unavailable
swta,MultiSWTA3_Type0_NT50_NS8_NC6_NV8_NW6_O2,W_balanced,0.66576,available,1,[],[],unavailable
swta,MultiSWTA3_Type0_NT50_NS8_NC6_NV8_NW6_O2,W_effectiveness,0.451519,available,1,[],[],unavailable
swta,MultiSWTA3_Type0_NT50_NS8_NC6_NV8_NW6_O2,W_high_value_protection,0.54576,available,1,[],[],unavailable
swta,MultiSWTA3_Type0_NT50_NS8_NC6_NV8_NW6_O2,W_resource_conservative,0.788608,available,1,[],[],unavailable
swta,MultiSWTA3_Type0_NT50_NS8_NC6_NV8_NW6_O2,W_timeliness,0.788608,available,1,[],[],unavailable
swta,MultiSWTA3_Type0_NT50_NS8_NC6_NV8_NW6_O3,W_balanced,0.66576,available,1,[],[],unavailable
swta,MultiSWTA3_Type0_NT50_NS8_NC6_NV8_NW6_O3,W_effectiveness,0.451519,available,1,[],[],unavailable
swta,MultiSWTA3_Type0_NT50_NS8_NC6_NV8_NW6_O3,W_high_value_protection,0.54576,available,1,[],[],unavailable
swta,MultiSWTA3_Type0_NT50_NS8_NC6_NV8_NW6_O3,W_resource_conservative,0.788608,available,1,[],[],unavailable
swta,MultiSWTA3_Type0_NT50_NS8_NC6_NV8_NW6_O3,W_timeliness,0.788608,available,1,[],[],unavailable
swta,MultiSWTA3_Type0_NT50_NS8_NC6_NV8_NW6_O4,W_balanced,0.66576,available,1,[],[],unavailable
swta,MultiSWTA3_Type0_NT50_NS8_NC6_NV8_NW6_O4,W_effectiveness,0.451519,available,1,[],[],unavailable
swta,MultiSWTA3_Type0_NT50_NS8_NC6_NV8_NW6_O4,W_high_value_protection,0.54576,available,1,[],[],unavailable
swta,MultiSWTA3_Type0_NT50_NS8_NC6_NV8_NW6_O4,W_resource_conservative,0.788608,available,1,[],[],unavailable
swta,MultiSWTA3_Type0_NT50_NS8_NC6_NV8_NW6_O4,W_timeliness,0.788608,available,1,[],[],unavailable
swta,MultiSWTA3_Type1_NT100_NS10_NC9_NV10_NW9_O2,W_balanced,0.688248,available,1,[],[],unavailable
swta,MultiSWTA3_Type1_NT100_NS10_NC9_NV10_NW9_O2,W_effectiveness,0.473996,available,1,[],[],unavailable
swta,MultiSWTA3_Type1_NT100_NS10_NC9_NV10_NW9_O2,W_high_value_protection,0.590748,available,1,[],[],unavailable
swta,MultiSWTA3_Type1_NT100_NS10_NC9_NV10_NW9_O2,W_resource_conservative,0.796099,available,1,[],[],unavailable
swta,MultiSWTA3_Type1_NT100_NS10_NC9_NV10_NW9_O2,W_timeliness,0.796099,available,1,[],[],unavailable
swta,MultiSWTA3_Type1_NT100_NS10_NC9_NV10_NW9_O3,W_balanced,0.688248,available,1,[],[],unavailable
swta,MultiSWTA3_Type1_NT100_NS10_NC9_NV10_NW9_O3,W_effectiveness,0.473996,available,1,[],[],unavailable
swta,MultiSWTA3_Type1_NT100_NS10_NC9_NV10_NW9_O3,W_high_value_protection,0.590748,available,1,[],[],unavailable
swta,MultiSWTA3_Type1_NT100_NS10_NC9_NV10_NW9_O3,W_resource_conservative,0.796099,available,1,[],[],unavailable
swta,MultiSWTA3_Type1_NT100_NS10_NC9_NV10_NW9_O3,W_timeliness,0.796099,available,1,[],[],unavailable
swta,MultiSWTA3_Type1_NT100_NS10_NC9_NV10_NW9_O4,W_balanced,0.688248,available,1,[],[],unavailable
swta,MultiSWTA3_Type1_NT100_NS10_NC9_NV10_NW9_O4,W_effectiveness,0.473996,available,1,[],[],unavailable
swta,MultiSWTA3_Type1_NT100_NS10_NC9_NV10_NW9_O4,W_high_value_protection,0.590748,available,1,[],[],unavailable
swta,MultiSWTA3_Type1_NT100_NS10_NC9_NV10_NW9_O4,W_resource_conservative,0.796099,available,1,[],[],unavailable
swta,MultiSWTA3_Type1_NT100_NS10_NC9_NV10_NW9_O4,W_timeliness,0.796099,available,1,[],[],unavailable
swta,MultiSWTA3_Type1_NT100_NS6_NC6_NV6_NW6_O2,W_balanced,0.645562,available,1,[],[],unavailable
swta,MultiSWTA3_Type1_NT100_NS6_NC6_NV6_NW6_O2,W_effectiveness,0.411124,available,1,[],[],unavailable
swta,MultiSWTA3_Type1_NT100_NS6_NC6_NV6_NW6_O2,W_high_value_protection,0.525562,available,1,[],[],unavailable
swta,MultiSWTA3_Type1_NT100_NS6_NC6_NV6_NW6_O2,W_resource_conservative,0.77245,available,1,[],[],unavailable
swta,MultiSWTA3_Type1_NT100_NS6_NC6_NV6_NW6_O2,W_timeliness,0.77245,available,1,[],[],unavailable
swta,MultiSWTA3_Type1_NT100_NS6_NC6_NV6_NW6_O3,W_balanced,0.645562,available,1,[],[],unavailable
swta,MultiSWTA3_Type1_NT100_NS6_NC6_NV6_NW6_O3,W_effectiveness,0.411124,available,1,[],[],unavailable
swta,MultiSWTA3_Type1_NT100_NS6_NC6_NV6_NW6_O3,W_high_value_protection,0.525562,available,1,[],[],unavailable
swta,MultiSWTA3_Type1_NT100_NS6_NC6_NV6_NW6_O3,W_resource_conservative,0.77245,available,1,[],[],unavailable
swta,MultiSWTA3_Type1_NT100_NS6_NC6_NV6_NW6_O3,W_timeliness,0.77245,available,1,[],[],unavailable
swta,MultiSWTA3_Type1_NT100_NS6_NC6_NV6_NW6_O4,W_balanced,0.645562,available,1,[],[],unavailable
swta,MultiSWTA3_Type1_NT100_NS6_NC6_NV6_NW6_O4,W_effectiveness,0.411124,available,1,[],[],unavailable
swta,MultiSWTA3_Type1_NT100_NS6_NC6_NV6_NW6_O4,W_high_value_protection,0.525562,available,1,[],[],unavailable
swta,MultiSWTA3_Type1_NT100_NS6_NC6_NV6_NW6_O4,W_resource_conservative,0.77245,available,1,[],[],unavailable
swta,MultiSWTA3_Type1_NT100_NS6_NC6_NV6_NW6_O4,W_timeliness,0.77245,available,1,[],[],unavailable
swta,MultiSWTA3_Type1_NT200_NS12_NC6_NV12_NW6_O2,W_balanced,0.659497,available,1,[],[],unavailable
swta,MultiSWTA3_Type1_NT200_NS12_NC6_NV12_NW6_O2,W_effectiveness,0.431494,available,1,[],[],unavailable
swta,MultiSWTA3_Type1_NT200_NS12_NC6_NV12_NW6_O2,W_high_value_protection,0.546997,available,1,[],[],unavailable
swta,MultiSWTA3_Type1_NT200_NS12_NC6_NV12_NW6_O2,W_resource_conservative,0.780098,available,1,[],[],unavailable
swta,MultiSWTA3_Type1_NT200_NS12_NC6_NV12_NW6_O2,W_timeliness,0.780098,available,1,[],[],unavailable
swta,MultiSWTA3_Type1_NT200_NS12_NC6_NV12_NW6_O3,W_balanced,0.659497,available,1,[],[],unavailable
swta,MultiSWTA3_Type1_NT200_NS12_NC6_NV12_NW6_O3,W_effectiveness,0.431494,available,1,[],[],unavailable
swta,MultiSWTA3_Type1_NT200_NS12_NC6_NV12_NW6_O3,W_high_value_protection,0.546997,available,1,[],[],unavailable
swta,MultiSWTA3_Type1_NT200_NS12_NC6_NV12_NW6_O3,W_resource_conservative,0.780098,available,1,[],[],unavailable
swta,MultiSWTA3_Type1_NT200_NS12_NC6_NV12_NW6_O3,W_timeliness,0.780098,available,1,[],[],unavailable
swta,MultiSWTA3_Type1_NT200_NS12_NC6_NV12_NW6_O4,W_balanced,0.659497,available,1,[],[],unavailable
swta,MultiSWTA3_Type1_NT200_NS12_NC6_NV12_NW6_O4,W_effectiveness,0.431494,available,1,[],[],unavailable
swta,MultiSWTA3_Type1_NT200_NS12_NC6_NV12_NW6_O4,W_high_value_protection,0.546997,available,1,[],[],unavailable
swta,MultiSWTA3_Type1_NT200_NS12_NC6_NV12_NW6_O4,W_resource_conservative,0.780098,available,1,[],[],unavailable
swta,MultiSWTA3_Type1_NT200_NS12_NC6_NV12_NW6_O4,W_timeliness,0.780098,available,1,[],[],unavailable
swta,MultiSWTA3_Type1_NT200_NS15_NC12_NV15_NW12_O2,W_balanced,0.672169,available,1,[],[],unavailable
swta,MultiSWTA3_Type1_NT200_NS15_NC12_NV15_NW12_O2,W_effectiveness,0.449338,available,1,[],[],unavailable
swta,MultiSWTA3_Type1_NT200_NS15_NC12_NV15_NW12_O2,W_high_value_protection,0.567169,available,1,[],[],unavailable
swta,MultiSWTA3_Type1_NT200_NS15_NC12_NV15_NW12_O2,W_resource_conservative,0.786735,available,1,[],[],unavailable
swta,MultiSWTA3_Type1_NT200_NS15_NC12_NV15_NW12_O2,W_timeliness,0.786735,available,1,[],[],unavailable
swta,MultiSWTA3_Type1_NT200_NS15_NC12_NV15_NW12_O3,W_balanced,0.672169,available,1,[],[],unavailable
swta,MultiSWTA3_Type1_NT200_NS15_NC12_NV15_NW12_O3,W_effectiveness,0.449338,available,1,[],[],unavailable
swta,MultiSWTA3_Type1_NT200_NS15_NC12_NV15_NW12_O3,W_high_value_protection,0.567169,available,1,[],[],unavailable
swta,MultiSWTA3_Type1_NT200_NS15_NC12_NV15_NW12_O3,W_resource_conservative,0.786735,available,1,[],[],unavailable
swta,MultiSWTA3_Type1_NT200_NS15_NC12_NV15_NW12_O3,W_timeliness,0.786735,available,1,[],[],unavailable
swta,MultiSWTA3_Type1_NT200_NS15_NC12_NV15_NW12_O4,W_balanced,0.672169,available,1,[],[],unavailable
swta,MultiSWTA3_Type1_NT200_NS15_NC12_NV15_NW12_O4,W_effectiveness,0.449338,available,1,[],[],unavailable
swta,MultiSWTA3_Type1_NT200_NS15_NC12_NV15_NW12_O4,W_high_value_protection,0.567169,available,1,[],[],unavailable
swta,MultiSWTA3_Type1_NT200_NS15_NC12_NV15_NW12_O4,W_resource_conservative,0.786735,available,1,[],[],unavailable
swta,MultiSWTA3_Type1_NT200_NS15_NC12_NV15_NW12_O4,W_timeliness,0.786735,available,1,[],[],unavailable
swta,MultiSWTA3_Type1_NT50_NS5_NC2_NV5_NW2_O2,W_balanced,0.69882,available,1,[],[],unavailable
swta,MultiSWTA3_Type1_NT50_NS5_NC2_NV5_NW2_O2,W_effectiveness,0.487639,available,1,[],[],unavailable
swta,MultiSWTA3_Type1_NT50_NS5_NC2_NV5_NW2_O2,W_high_value_protection,0.60882,available,1,[],[],unavailable
swta,MultiSWTA3_Type1_NT50_NS5_NC2_NV5_NW2_O2,W_resource_conservative,0.801056,available,1,[],[],unavailable
swta,MultiSWTA3_Type1_NT50_NS5_NC2_NV5_NW2_O2,W_timeliness,0.801056,available,1,[],[],unavailable
swta,MultiSWTA3_Type1_NT50_NS5_NC2_NV5_NW2_O3,W_balanced,0.69882,available,1,[],[],unavailable
swta,MultiSWTA3_Type1_NT50_NS5_NC2_NV5_NW2_O3,W_effectiveness,0.487639,available,1,[],[],unavailable
swta,MultiSWTA3_Type1_NT50_NS5_NC2_NV5_NW2_O3,W_high_value_protection,0.60882,available,1,[],[],unavailable
swta,MultiSWTA3_Type1_NT50_NS5_NC2_NV5_NW2_O3,W_resource_conservative,0.801056,available,1,[],[],unavailable
swta,MultiSWTA3_Type1_NT50_NS5_NC2_NV5_NW2_O3,W_timeliness,0.801056,available,1,[],[],unavailable
swta,MultiSWTA3_Type1_NT50_NS5_NC2_NV5_NW2_O4,W_balanced,0.69882,available,1,[],[],unavailable
swta,MultiSWTA3_Type1_NT50_NS5_NC2_NV5_NW2_O4,W_effectiveness,0.487639,available,1,[],[],unavailable
swta,MultiSWTA3_Type1_NT50_NS5_NC2_NV5_NW2_O4,W_high_value_protection,0.60882,available,1,[],[],unavailable
swta,MultiSWTA3_Type1_NT50_NS5_NC2_NV5_NW2_O4,W_resource_conservative,0.801056,available,1,[],[],unavailable
swta,MultiSWTA3_Type1_NT50_NS5_NC2_NV5_NW2_O4,W_timeliness,0.801056,available,1,[],[],unavailable
swta,MultiSWTA3_Type1_NT50_NS8_NC6_NV8_NW6_O2,W_balanced,0.737982,available,1,[],[],unavailable
swta,MultiSWTA3_Type1_NT50_NS8_NC6_NV8_NW6_O2,W_effectiveness,0.535964,available,1,[],[],unavailable
swta,MultiSWTA3_Type1_NT50_NS8_NC6_NV8_NW6_O2,W_high_value_protection,0.677982,available,1,[],[],unavailable
swta,MultiSWTA3_Type1_NT50_NS8_NC6_NV8_NW6_O2,W_resource_conservative,0.818385,available,1,[],[],unavailable
swta,MultiSWTA3_Type1_NT50_NS8_NC6_NV8_NW6_O2,W_timeliness,0.818385,available,1,[],[],unavailable
swta,MultiSWTA3_Type1_NT50_NS8_NC6_NV8_NW6_O3,W_balanced,0.737982,available,1,[],[],unavailable
swta,MultiSWTA3_Type1_NT50_NS8_NC6_NV8_NW6_O3,W_effectiveness,0.535964,available,1,[],[],unavailable
swta,MultiSWTA3_Type1_NT50_NS8_NC6_NV8_NW6_O3,W_high_value_protection,0.677982,available,1,[],[],unavailable
swta,MultiSWTA3_Type1_NT50_NS8_NC6_NV8_NW6_O3,W_resource_conservative,0.818385,available,1,[],[],unavailable
swta,MultiSWTA3_Type1_NT50_NS8_NC6_NV8_NW6_O3,W_timeliness,0.818385,available,1,[],[],unavailable
swta,MultiSWTA3_Type1_NT50_NS8_NC6_NV8_NW6_O4,W_balanced,0.737982,available,1,[],[],unavailable
swta,MultiSWTA3_Type1_NT50_NS8_NC6_NV8_NW6_O4,W_effectiveness,0.535964,available,1,[],[],unavailable
swta,MultiSWTA3_Type1_NT50_NS8_NC6_NV8_NW6_O4,W_high_value_protection,0.677982,available,1,[],[],unavailable
swta,MultiSWTA3_Type1_NT50_NS8_NC6_NV8_NW6_O4,W_resource_conservative,0.818385,available,1,[],[],unavailable
swta,MultiSWTA3_Type1_NT50_NS8_NC6_NV8_NW6_O4,W_timeliness,0.818385,available,1,[],[],unavailable
swta,MultiSWTA4_Type0_NT100_NS10_NC9_NV10_NW9_O2,W_balanced,0.693688,available,1,[],[],unavailable
swta,MultiSWTA4_Type0_NT100_NS10_NC9_NV10_NW9_O2,W_effectiveness,0.477376,available,1,[],[],unavailable
swta,MultiSWTA4_Type0_NT100_NS10_NC9_NV10_NW9_O2,W_high_value_protection,0.603688,available,1,[],[],unavailable
swta,MultiSWTA4_Type0_NT100_NS10_NC9_NV10_NW9_O2,W_resource_conservative,0.796951,available,1,[],[],unavailable
swta,MultiSWTA4_Type0_NT100_NS10_NC9_NV10_NW9_O2,W_timeliness,0.796951,available,1,[],[],unavailable
swta,MultiSWTA4_Type0_NT100_NS10_NC9_NV10_NW9_O3,W_balanced,0.693688,available,1,[],[],unavailable
swta,MultiSWTA4_Type0_NT100_NS10_NC9_NV10_NW9_O3,W_effectiveness,0.477376,available,1,[],[],unavailable
swta,MultiSWTA4_Type0_NT100_NS10_NC9_NV10_NW9_O3,W_high_value_protection,0.603688,available,1,[],[],unavailable
swta,MultiSWTA4_Type0_NT100_NS10_NC9_NV10_NW9_O3,W_resource_conservative,0.796951,available,1,[],[],unavailable
swta,MultiSWTA4_Type0_NT100_NS10_NC9_NV10_NW9_O3,W_timeliness,0.796951,available,1,[],[],unavailable
swta,MultiSWTA4_Type0_NT100_NS10_NC9_NV10_NW9_O4,W_balanced,0.693688,available,1,[],[],unavailable
swta,MultiSWTA4_Type0_NT100_NS10_NC9_NV10_NW9_O4,W_effectiveness,0.477376,available,1,[],[],unavailable
swta,MultiSWTA4_Type0_NT100_NS10_NC9_NV10_NW9_O4,W_high_value_protection,0.603688,available,1,[],[],unavailable
swta,MultiSWTA4_Type0_NT100_NS10_NC9_NV10_NW9_O4,W_resource_conservative,0.796951,available,1,[],[],unavailable
swta,MultiSWTA4_Type0_NT100_NS10_NC9_NV10_NW9_O4,W_timeliness,0.796951,available,1,[],[],unavailable
swta,MultiSWTA4_Type0_NT100_NS6_NC6_NV6_NW6_O2,W_balanced,0.648783,available,1,[],[],unavailable
swta,MultiSWTA4_Type0_NT100_NS6_NC6_NV6_NW6_O2,W_effectiveness,0.417565,available,1,[],[],unavailable
swta,MultiSWTA4_Type0_NT100_NS6_NC6_NV6_NW6_O2,W_high_value_protection,0.528783,available,1,[],[],unavailable
swta,MultiSWTA4_Type0_NT100_NS6_NC6_NV6_NW6_O2,W_resource_conservative,0.775026,available,1,[],[],unavailable
swta,MultiSWTA4_Type0_NT100_NS6_NC6_NV6_NW6_O2,W_timeliness,0.775026,available,1,[],[],unavailable
swta,MultiSWTA4_Type0_NT100_NS6_NC6_NV6_NW6_O3,W_balanced,0.648783,available,1,[],[],unavailable
swta,MultiSWTA4_Type0_NT100_NS6_NC6_NV6_NW6_O3,W_effectiveness,0.417565,available,1,[],[],unavailable
swta,MultiSWTA4_Type0_NT100_NS6_NC6_NV6_NW6_O3,W_high_value_protection,0.528783,available,1,[],[],unavailable
swta,MultiSWTA4_Type0_NT100_NS6_NC6_NV6_NW6_O3,W_resource_conservative,0.775026,available,1,[],[],unavailable
swta,MultiSWTA4_Type0_NT100_NS6_NC6_NV6_NW6_O3,W_timeliness,0.775026,available,1,[],[],unavailable
swta,MultiSWTA4_Type0_NT100_NS6_NC6_NV6_NW6_O4,W_balanced,0.648783,available,1,[],[],unavailable
swta,MultiSWTA4_Type0_NT100_NS6_NC6_NV6_NW6_O4,W_effectiveness,0.417565,available,1,[],[],unavailable
swta,MultiSWTA4_Type0_NT100_NS6_NC6_NV6_NW6_O4,W_high_value_protection,0.528783,available,1,[],[],unavailable
swta,MultiSWTA4_Type0_NT100_NS6_NC6_NV6_NW6_O4,W_resource_conservative,0.775026,available,1,[],[],unavailable
swta,MultiSWTA4_Type0_NT100_NS6_NC6_NV6_NW6_O4,W_timeliness,0.775026,available,1,[],[],unavailable
swta,MultiSWTA4_Type0_NT200_NS12_NC6_NV12_NW6_O2,W_balanced,0.662283,available,1,[],[],unavailable
swta,MultiSWTA4_Type0_NT200_NS12_NC6_NV12_NW6_O2,W_effectiveness,0.433316,available,1,[],[],unavailable
swta,MultiSWTA4_Type0_NT200_NS12_NC6_NV12_NW6_O2,W_high_value_protection,0.553533,available,1,[],[],unavailable
swta,MultiSWTA4_Type0_NT200_NS12_NC6_NV12_NW6_O2,W_resource_conservative,0.780576,available,1,[],[],unavailable
swta,MultiSWTA4_Type0_NT200_NS12_NC6_NV12_NW6_O2,W_timeliness,0.780576,available,1,[],[],unavailable
swta,MultiSWTA4_Type0_NT200_NS12_NC6_NV12_NW6_O3,W_balanced,0.662283,available,1,[],[],unavailable
swta,MultiSWTA4_Type0_NT200_NS12_NC6_NV12_NW6_O3,W_effectiveness,0.433316,available,1,[],[],unavailable
swta,MultiSWTA4_Type0_NT200_NS12_NC6_NV12_NW6_O3,W_high_value_protection,0.553533,available,1,[],[],unavailable
swta,MultiSWTA4_Type0_NT200_NS12_NC6_NV12_NW6_O3,W_resource_conservative,0.780576,available,1,[],[],unavailable
swta,MultiSWTA4_Type0_NT200_NS12_NC6_NV12_NW6_O3,W_timeliness,0.780576,available,1,[],[],unavailable
swta,MultiSWTA4_Type0_NT200_NS12_NC6_NV12_NW6_O4,W_balanced,0.662283,available,1,[],[],unavailable
swta,MultiSWTA4_Type0_NT200_NS12_NC6_NV12_NW6_O4,W_effectiveness,0.433316,available,1,[],[],unavailable
swta,MultiSWTA4_Type0_NT200_NS12_NC6_NV12_NW6_O4,W_high_value_protection,0.553533,available,1,[],[],unavailable
swta,MultiSWTA4_Type0_NT200_NS12_NC6_NV12_NW6_O4,W_resource_conservative,0.780576,available,1,[],[],unavailable
swta,MultiSWTA4_Type0_NT200_NS12_NC6_NV12_NW6_O4,W_timeliness,0.780576,available,1,[],[],unavailable
swta,MultiSWTA4_Type0_NT200_NS15_NC12_NV15_NW12_O2,W_balanced,0.671067,available,1,[],[],unavailable
swta,MultiSWTA4_Type0_NT200_NS15_NC12_NV15_NW12_O2,W_effectiveness,0.447134,available,1,[],[],unavailable
swta,MultiSWTA4_Type0_NT200_NS15_NC12_NV15_NW12_O2,W_high_value_protection,0.566067,available,1,[],[],unavailable
swta,MultiSWTA4_Type0_NT200_NS15_NC12_NV15_NW12_O2,W_resource_conservative,0.785854,available,1,[],[],unavailable
swta,MultiSWTA4_Type0_NT200_NS15_NC12_NV15_NW12_O2,W_timeliness,0.785854,available,1,[],[],unavailable
swta,MultiSWTA4_Type0_NT200_NS15_NC12_NV15_NW12_O3,W_balanced,0.671067,available,1,[],[],unavailable
swta,MultiSWTA4_Type0_NT200_NS15_NC12_NV15_NW12_O3,W_effectiveness,0.447134,available,1,[],[],unavailable
swta,MultiSWTA4_Type0_NT200_NS15_NC12_NV15_NW12_O3,W_high_value_protection,0.566067,available,1,[],[],unavailable
swta,MultiSWTA4_Type0_NT200_NS15_NC12_NV15_NW12_O3,W_resource_conservative,0.785854,available,1,[],[],unavailable
swta,MultiSWTA4_Type0_NT200_NS15_NC12_NV15_NW12_O3,W_timeliness,0.785854,available,1,[],[],unavailable
swta,MultiSWTA4_Type0_NT200_NS15_NC12_NV15_NW12_O4,W_balanced,0.671067,available,1,[],[],unavailable
swta,MultiSWTA4_Type0_NT200_NS15_NC12_NV15_NW12_O4,W_effectiveness,0.447134,available,1,[],[],unavailable
swta,MultiSWTA4_Type0_NT200_NS15_NC12_NV15_NW12_O4,W_high_value_protection,0.566067,available,1,[],[],unavailable
swta,MultiSWTA4_Type0_NT200_NS15_NC12_NV15_NW12_O4,W_resource_conservative,0.785854,available,1,[],[],unavailable
swta,MultiSWTA4_Type0_NT200_NS15_NC12_NV15_NW12_O4,W_timeliness,0.785854,available,1,[],[],unavailable
swta,MultiSWTA4_Type0_NT50_NS5_NC2_NV5_NW2_O2,W_balanced,0.709549,available,1,[],[],unavailable
swta,MultiSWTA4_Type0_NT50_NS5_NC2_NV5_NW2_O2,W_effectiveness,0.494098,available,1,[],[],unavailable
swta,MultiSWTA4_Type0_NT50_NS5_NC2_NV5_NW2_O2,W_high_value_protection,0.634549,available,1,[],[],unavailable
swta,MultiSWTA4_Type0_NT50_NS5_NC2_NV5_NW2_O2,W_resource_conservative,0.802639,available,1,[],[],unavailable
swta,MultiSWTA4_Type0_NT50_NS5_NC2_NV5_NW2_O2,W_timeliness,0.802639,available,1,[],[],unavailable
swta,MultiSWTA4_Type0_NT50_NS5_NC2_NV5_NW2_O3,W_balanced,0.709549,available,1,[],[],unavailable
swta,MultiSWTA4_Type0_NT50_NS5_NC2_NV5_NW2_O3,W_effectiveness,0.494098,available,1,[],[],unavailable
swta,MultiSWTA4_Type0_NT50_NS5_NC2_NV5_NW2_O3,W_high_value_protection,0.634549,available,1,[],[],unavailable
swta,MultiSWTA4_Type0_NT50_NS5_NC2_NV5_NW2_O3,W_resource_conservative,0.802639,available,1,[],[],unavailable
swta,MultiSWTA4_Type0_NT50_NS5_NC2_NV5_NW2_O3,W_timeliness,0.802639,available,1,[],[],unavailable
swta,MultiSWTA4_Type0_NT50_NS5_NC2_NV5_NW2_O4,W_balanced,0.709549,available,1,[],[],unavailable
swta,MultiSWTA4_Type0_NT50_NS5_NC2_NV5_NW2_O4,W_effectiveness,0.494098,available,1,[],[],unavailable
swta,MultiSWTA4_Type0_NT50_NS5_NC2_NV5_NW2_O4,W_high_value_protection,0.634549,available,1,[],[],unavailable
swta,MultiSWTA4_Type0_NT50_NS5_NC2_NV5_NW2_O4,W_resource_conservative,0.802639,available,1,[],[],unavailable
swta,MultiSWTA4_Type0_NT50_NS5_NC2_NV5_NW2_O4,W_timeliness,0.802639,available,1,[],[],unavailable
swta,MultiSWTA4_Type0_NT50_NS8_NC6_NV8_NW6_O2,W_balanced,0.710506,available,1,[],[],unavailable
swta,MultiSWTA4_Type0_NT50_NS8_NC6_NV8_NW6_O2,W_effectiveness,0.511012,available,1,[],[],unavailable
swta,MultiSWTA4_Type0_NT50_NS8_NC6_NV8_NW6_O2,W_high_value_protection,0.620506,available,1,[],[],unavailable
swta,MultiSWTA4_Type0_NT50_NS8_NC6_NV8_NW6_O2,W_resource_conservative,0.810405,available,1,[],[],unavailable
swta,MultiSWTA4_Type0_NT50_NS8_NC6_NV8_NW6_O2,W_timeliness,0.810405,available,1,[],[],unavailable
swta,MultiSWTA4_Type0_NT50_NS8_NC6_NV8_NW6_O3,W_balanced,0.710506,available,1,[],[],unavailable
swta,MultiSWTA4_Type0_NT50_NS8_NC6_NV8_NW6_O3,W_effectiveness,0.511012,available,1,[],[],unavailable
swta,MultiSWTA4_Type0_NT50_NS8_NC6_NV8_NW6_O3,W_high_value_protection,0.620506,available,1,[],[],unavailable
swta,MultiSWTA4_Type0_NT50_NS8_NC6_NV8_NW6_O3,W_resource_conservative,0.810405,available,1,[],[],unavailable
swta,MultiSWTA4_Type0_NT50_NS8_NC6_NV8_NW6_O3,W_timeliness,0.810405,available,1,[],[],unavailable
swta,MultiSWTA4_Type0_NT50_NS8_NC6_NV8_NW6_O4,W_balanced,0.710506,available,1,[],[],unavailable
swta,MultiSWTA4_Type0_NT50_NS8_NC6_NV8_NW6_O4,W_effectiveness,0.511012,available,1,[],[],unavailable
swta,MultiSWTA4_Type0_NT50_NS8_NC6_NV8_NW6_O4,W_high_value_protection,0.620506,available,1,[],[],unavailable
swta,MultiSWTA4_Type0_NT50_NS8_NC6_NV8_NW6_O4,W_resource_conservative,0.810405,available,1,[],[],unavailable
swta,MultiSWTA4_Type0_NT50_NS8_NC6_NV8_NW6_O4,W_timeliness,0.810405,available,1,[],[],unavailable
swta,MultiSWTA4_Type1_NT100_NS10_NC9_NV10_NW9_O2,W_balanced,0.672377,available,1,[],[],unavailable
swta,MultiSWTA4_Type1_NT100_NS10_NC9_NV10_NW9_O2,W_effectiveness,0.449755,available,1,[],[],unavailable
swta,MultiSWTA4_Type1_NT100_NS10_NC9_NV10_NW9_O2,W_high_value_protection,0.567377,available,1,[],[],unavailable
swta,MultiSWTA4_Type1_NT100_NS10_NC9_NV10_NW9_O2,W_resource_conservative,0.786902,available,1,[],[],unavailable
swta,MultiSWTA4_Type1_NT100_NS10_NC9_NV10_NW9_O2,W_timeliness,0.786902,available,1,[],[],unavailable
swta,MultiSWTA4_Type1_NT100_NS10_NC9_NV10_NW9_O3,W_balanced,0.672377,available,1,[],[],unavailable
swta,MultiSWTA4_Type1_NT100_NS10_NC9_NV10_NW9_O3,W_effectiveness,0.449755,available,1,[],[],unavailable
swta,MultiSWTA4_Type1_NT100_NS10_NC9_NV10_NW9_O3,W_high_value_protection,0.567377,available,1,[],[],unavailable
swta,MultiSWTA4_Type1_NT100_NS10_NC9_NV10_NW9_O3,W_resource_conservative,0.786902,available,1,[],[],unavailable
swta,MultiSWTA4_Type1_NT100_NS10_NC9_NV10_NW9_O3,W_timeliness,0.786902,available,1,[],[],unavailable
swta,MultiSWTA4_Type1_NT100_NS10_NC9_NV10_NW9_O4,W_balanced,0.672377,available,1,[],[],unavailable
swta,MultiSWTA4_Type1_NT100_NS10_NC9_NV10_NW9_O4,W_effectiveness,0.449755,available,1,[],[],unavailable
swta,MultiSWTA4_Type1_NT100_NS10_NC9_NV10_NW9_O4,W_high_value_protection,0.567377,available,1,[],[],unavailable
swta,MultiSWTA4_Type1_NT100_NS10_NC9_NV10_NW9_O4,W_resource_conservative,0.786902,available,1,[],[],unavailable
swta,MultiSWTA4_Type1_NT100_NS10_NC9_NV10_NW9_O4,W_timeliness,0.786902,available,1,[],[],unavailable
swta,MultiSWTA4_Type1_NT100_NS6_NC6_NV6_NW6_O2,W_balanced,0.636746,available,1,[],[],unavailable
swta,MultiSWTA4_Type1_NT100_NS6_NC6_NV6_NW6_O2,W_effectiveness,0.400993,available,1,[],[],unavailable
swta,MultiSWTA4_Type1_NT100_NS6_NC6_NV6_NW6_O2,W_high_value_protection,0.509246,available,1,[],[],unavailable
swta,MultiSWTA4_Type1_NT100_NS6_NC6_NV6_NW6_O2,W_resource_conservative,0.768897,available,1,[],[],unavailable
swta,MultiSWTA4_Type1_NT100_NS6_NC6_NV6_NW6_O2,W_timeliness,0.768897,available,1,[],[],unavailable
swta,MultiSWTA4_Type1_NT100_NS6_NC6_NV6_NW6_O3,W_balanced,unavailable,not_applicable,0,[],"[""public_feasibility"", ""defense_effectiveness""]",Domain report status is blocked_by_core_failure; no solution-grounded WTA preference score applies.
swta,MultiSWTA4_Type1_NT100_NS6_NC6_NV6_NW6_O3,W_effectiveness,unavailable,not_applicable,0,[],"[""public_feasibility"", ""defense_effectiveness""]",Domain report status is blocked_by_core_failure; no solution-grounded WTA preference score applies.
swta,MultiSWTA4_Type1_NT100_NS6_NC6_NV6_NW6_O3,W_high_value_protection,unavailable,not_applicable,0,[],"[""public_feasibility"", ""defense_effectiveness"", ""high_value_protection""]",Domain report status is blocked_by_core_failure; no solution-grounded WTA preference score applies.
swta,MultiSWTA4_Type1_NT100_NS6_NC6_NV6_NW6_O3,W_resource_conservative,unavailable,not_applicable,0,[],"[""public_feasibility"", ""defense_effectiveness"", ""resource_quality""]",Domain report status is blocked_by_core_failure; no solution-grounded WTA preference score applies.
swta,MultiSWTA4_Type1_NT100_NS6_NC6_NV6_NW6_O3,W_timeliness,unavailable,not_applicable,0,[],"[""public_feasibility"", ""defense_effectiveness"", ""temporal_quality""]",Domain report status is blocked_by_core_failure; no solution-grounded WTA preference score applies.
swta,MultiSWTA4_Type1_NT100_NS6_NC6_NV6_NW6_O4,W_balanced,0.636746,available,1,[],[],unavailable
swta,MultiSWTA4_Type1_NT100_NS6_NC6_NV6_NW6_O4,W_effectiveness,0.400993,available,1,[],[],unavailable
swta,MultiSWTA4_Type1_NT100_NS6_NC6_NV6_NW6_O4,W_high_value_protection,0.509246,available,1,[],[],unavailable
swta,MultiSWTA4_Type1_NT100_NS6_NC6_NV6_NW6_O4,W_resource_conservative,0.768897,available,1,[],[],unavailable
swta,MultiSWTA4_Type1_NT100_NS6_NC6_NV6_NW6_O4,W_timeliness,0.768897,available,1,[],[],unavailable
swta,MultiSWTA4_Type1_NT200_NS12_NC6_NV12_NW6_O2,W_balanced,0.657128,available,1,[],[],unavailable
swta,MultiSWTA4_Type1_NT200_NS12_NC6_NV12_NW6_O2,W_effectiveness,0.426756,available,1,[],[],unavailable
swta,MultiSWTA4_Type1_NT200_NS12_NC6_NV12_NW6_O2,W_high_value_protection,0.544628,available,1,[],[],unavailable
swta,MultiSWTA4_Type1_NT200_NS12_NC6_NV12_NW6_O2,W_resource_conservative,0.778202,available,1,[],[],unavailable
swta,MultiSWTA4_Type1_NT200_NS12_NC6_NV12_NW6_O2,W_timeliness,0.778202,available,1,[],[],unavailable
swta,MultiSWTA4_Type1_NT200_NS12_NC6_NV12_NW6_O3,W_balanced,0.657128,available,1,[],[],unavailable
swta,MultiSWTA4_Type1_NT200_NS12_NC6_NV12_NW6_O3,W_effectiveness,0.426756,available,1,[],[],unavailable
swta,MultiSWTA4_Type1_NT200_NS12_NC6_NV12_NW6_O3,W_high_value_protection,0.544628,available,1,[],[],unavailable
swta,MultiSWTA4_Type1_NT200_NS12_NC6_NV12_NW6_O3,W_resource_conservative,0.778202,available,1,[],[],unavailable
swta,MultiSWTA4_Type1_NT200_NS12_NC6_NV12_NW6_O3,W_timeliness,0.778202,available,1,[],[],unavailable
swta,MultiSWTA4_Type1_NT200_NS12_NC6_NV12_NW6_O4,W_balanced,0.657128,available,1,[],[],unavailable
swta,MultiSWTA4_Type1_NT200_NS12_NC6_NV12_NW6_O4,W_effectiveness,0.426756,available,1,[],[],unavailable
swta,MultiSWTA4_Type1_NT200_NS12_NC6_NV12_NW6_O4,W_high_value_protection,0.544628,available,1,[],[],unavailable
swta,MultiSWTA4_Type1_NT200_NS12_NC6_NV12_NW6_O4,W_resource_conservative,0.778202,available,1,[],[],unavailable
swta,MultiSWTA4_Type1_NT200_NS12_NC6_NV12_NW6_O4,W_timeliness,0.778202,available,1,[],[],unavailable
swta,MultiSWTA4_Type1_NT200_NS15_NC12_NV15_NW12_O2,W_balanced,0.672629,available,1,[],[],unavailable
swta,MultiSWTA4_Type1_NT200_NS15_NC12_NV15_NW12_O2,W_effectiveness,0.446508,available,1,[],[],unavailable
swta,MultiSWTA4_Type1_NT200_NS15_NC12_NV15_NW12_O2,W_high_value_protection,0.571379,available,1,[],[],unavailable
swta,MultiSWTA4_Type1_NT200_NS15_NC12_NV15_NW12_O2,W_resource_conservative,0.785353,available,1,[],[],unavailable
swta,MultiSWTA4_Type1_NT200_NS15_NC12_NV15_NW12_O2,W_timeliness,0.785353,available,1,[],[],unavailable
swta,MultiSWTA4_Type1_NT200_NS15_NC12_NV15_NW12_O3,W_balanced,0.672629,available,1,[],[],unavailable
swta,MultiSWTA4_Type1_NT200_NS15_NC12_NV15_NW12_O3,W_effectiveness,0.446508,available,1,[],[],unavailable
swta,MultiSWTA4_Type1_NT200_NS15_NC12_NV15_NW12_O3,W_high_value_protection,0.571379,available,1,[],[],unavailable
swta,MultiSWTA4_Type1_NT200_NS15_NC12_NV15_NW12_O3,W_resource_conservative,0.785353,available,1,[],[],unavailable
swta,MultiSWTA4_Type1_NT200_NS15_NC12_NV15_NW12_O3,W_timeliness,0.785353,available,1,[],[],unavailable
swta,MultiSWTA4_Type1_NT200_NS15_NC12_NV15_NW12_O4,W_balanced,0.672629,available,1,[],[],unavailable
swta,MultiSWTA4_Type1_NT200_NS15_NC12_NV15_NW12_O4,W_effectiveness,0.446508,available,1,[],[],unavailable
swta,MultiSWTA4_Type1_NT200_NS15_NC12_NV15_NW12_O4,W_high_value_protection,0.571379,available,1,[],[],unavailable
swta,MultiSWTA4_Type1_NT200_NS15_NC12_NV15_NW12_O4,W_resource_conservative,0.785353,available,1,[],[],unavailable
swta,MultiSWTA4_Type1_NT200_NS15_NC12_NV15_NW12_O4,W_timeliness,0.785353,available,1,[],[],unavailable
swta,MultiSWTA4_Type1_NT50_NS5_NC2_NV5_NW2_O2,W_balanced,0.680863,available,1,[],[],unavailable
swta,MultiSWTA4_Type1_NT50_NS5_NC2_NV5_NW2_O2,W_effectiveness,0.466726,available,1,[],[],unavailable
swta,MultiSWTA4_Type1_NT50_NS5_NC2_NV5_NW2_O2,W_high_value_protection,0.575863,available,1,[],[],unavailable
swta,MultiSWTA4_Type1_NT50_NS5_NC2_NV5_NW2_O2,W_resource_conservative,0.793691,available,1,[],[],unavailable
swta,MultiSWTA4_Type1_NT50_NS5_NC2_NV5_NW2_O2,W_timeliness,0.793691,available,1,[],[],unavailable
swta,MultiSWTA4_Type1_NT50_NS5_NC2_NV5_NW2_O3,W_balanced,0.680863,available,1,[],[],unavailable
swta,MultiSWTA4_Type1_NT50_NS5_NC2_NV5_NW2_O3,W_effectiveness,0.466726,available,1,[],[],unavailable
swta,MultiSWTA4_Type1_NT50_NS5_NC2_NV5_NW2_O3,W_high_value_protection,0.575863,available,1,[],[],unavailable
swta,MultiSWTA4_Type1_NT50_NS5_NC2_NV5_NW2_O3,W_resource_conservative,0.793691,available,1,[],[],unavailable
swta,MultiSWTA4_Type1_NT50_NS5_NC2_NV5_NW2_O3,W_timeliness,0.793691,available,1,[],[],unavailable
swta,MultiSWTA4_Type1_NT50_NS5_NC2_NV5_NW2_O4,W_balanced,0.680863,available,1,[],[],unavailable
swta,MultiSWTA4_Type1_NT50_NS5_NC2_NV5_NW2_O4,W_effectiveness,0.466726,available,1,[],[],unavailable
swta,MultiSWTA4_Type1_NT50_NS5_NC2_NV5_NW2_O4,W_high_value_protection,0.575863,available,1,[],[],unavailable
swta,MultiSWTA4_Type1_NT50_NS5_NC2_NV5_NW2_O4,W_resource_conservative,0.793691,available,1,[],[],unavailable
swta,MultiSWTA4_Type1_NT50_NS5_NC2_NV5_NW2_O4,W_timeliness,0.793691,available,1,[],[],unavailable
swta,MultiSWTA4_Type1_NT50_NS8_NC6_NV8_NW6_O2,W_balanced,0.734749,available,1,[],[],unavailable
swta,MultiSWTA4_Type1_NT50_NS8_NC6_NV8_NW6_O2,W_effectiveness,0.529498,available,1,[],[],unavailable
swta,MultiSWTA4_Type1_NT50_NS8_NC6_NV8_NW6_O2,W_high_value_protection,0.674749,available,1,[],[],unavailable
swta,MultiSWTA4_Type1_NT50_NS8_NC6_NV8_NW6_O2,W_resource_conservative,0.815799,available,1,[],[],unavailable
swta,MultiSWTA4_Type1_NT50_NS8_NC6_NV8_NW6_O2,W_timeliness,0.815799,available,1,[],[],unavailable
swta,MultiSWTA4_Type1_NT50_NS8_NC6_NV8_NW6_O3,W_balanced,0.734749,available,1,[],[],unavailable
swta,MultiSWTA4_Type1_NT50_NS8_NC6_NV8_NW6_O3,W_effectiveness,0.529498,available,1,[],[],unavailable
swta,MultiSWTA4_Type1_NT50_NS8_NC6_NV8_NW6_O3,W_high_value_protection,0.674749,available,1,[],[],unavailable
swta,MultiSWTA4_Type1_NT50_NS8_NC6_NV8_NW6_O3,W_resource_conservative,0.815799,available,1,[],[],unavailable
swta,MultiSWTA4_Type1_NT50_NS8_NC6_NV8_NW6_O3,W_timeliness,0.815799,available,1,[],[],unavailable
swta,MultiSWTA4_Type1_NT50_NS8_NC6_NV8_NW6_O4,W_balanced,0.734749,available,1,[],[],unavailable
swta,MultiSWTA4_Type1_NT50_NS8_NC6_NV8_NW6_O4,W_effectiveness,0.529498,available,1,[],[],unavailable
swta,MultiSWTA4_Type1_NT50_NS8_NC6_NV8_NW6_O4,W_high_value_protection,0.674749,available,1,[],[],unavailable
swta,MultiSWTA4_Type1_NT50_NS8_NC6_NV8_NW6_O4,W_resource_conservative,0.815799,available,1,[],[],unavailable
swta,MultiSWTA4_Type1_NT50_NS8_NC6_NV8_NW6_O4,W_timeliness,0.815799,available,1,[],[],unavailable
swta,MultiSWTA5_Type0_NT100_NS10_NC9_NV10_NW9_O2,W_balanced,0.639654,available,1,[],[],unavailable
swta,MultiSWTA5_Type0_NT100_NS10_NC9_NV10_NW9_O2,W_effectiveness,0.406808,available,1,[],[],unavailable
swta,MultiSWTA5_Type0_NT100_NS10_NC9_NV10_NW9_O2,W_high_value_protection,0.512154,available,1,[],[],unavailable
swta,MultiSWTA5_Type0_NT100_NS10_NC9_NV10_NW9_O2,W_resource_conservative,0.771223,available,1,[],[],unavailable
swta,MultiSWTA5_Type0_NT100_NS10_NC9_NV10_NW9_O2,W_timeliness,0.771223,available,1,[],[],unavailable
swta,MultiSWTA5_Type0_NT100_NS10_NC9_NV10_NW9_O3,W_balanced,0.639654,available,1,[],[],unavailable
swta,MultiSWTA5_Type0_NT100_NS10_NC9_NV10_NW9_O3,W_effectiveness,0.406808,available,1,[],[],unavailable
swta,MultiSWTA5_Type0_NT100_NS10_NC9_NV10_NW9_O3,W_high_value_protection,0.512154,available,1,[],[],unavailable
swta,MultiSWTA5_Type0_NT100_NS10_NC9_NV10_NW9_O3,W_resource_conservative,0.771223,available,1,[],[],unavailable
swta,MultiSWTA5_Type0_NT100_NS10_NC9_NV10_NW9_O3,W_timeliness,0.771223,available,1,[],[],unavailable
swta,MultiSWTA5_Type0_NT100_NS10_NC9_NV10_NW9_O4,W_balanced,0.639654,available,1,[],[],unavailable
swta,MultiSWTA5_Type0_NT100_NS10_NC9_NV10_NW9_O4,W_effectiveness,0.406808,available,1,[],[],unavailable
swta,MultiSWTA5_Type0_NT100_NS10_NC9_NV10_NW9_O4,W_high_value_protection,0.512154,available,1,[],[],unavailable
swta,MultiSWTA5_Type0_NT100_NS10_NC9_NV10_NW9_O4,W_resource_conservative,0.771223,available,1,[],[],unavailable
swta,MultiSWTA5_Type0_NT100_NS10_NC9_NV10_NW9_O4,W_timeliness,0.771223,available,1,[],[],unavailable
swta,MultiSWTA5_Type0_NT100_NS6_NC6_NV6_NW6_O2,W_balanced,0.63209,available,1,[],[],unavailable
swta,MultiSWTA5_Type0_NT100_NS6_NC6_NV6_NW6_O2,W_effectiveness,0.39168,available,1,[],[],unavailable
swta,MultiSWTA5_Type0_NT100_NS6_NC6_NV6_NW6_O2,W_high_value_protection,0.50459,available,1,[],[],unavailable
swta,MultiSWTA5_Type0_NT100_NS6_NC6_NV6_NW6_O2,W_resource_conservative,0.765172,available,1,[],[],unavailable
swta,MultiSWTA5_Type0_NT100_NS6_NC6_NV6_NW6_O2,W_timeliness,0.765172,available,1,[],[],unavailable
swta,MultiSWTA5_Type0_NT100_NS6_NC6_NV6_NW6_O3,W_balanced,0.63209,available,1,[],[],unavailable
swta,MultiSWTA5_Type0_NT100_NS6_NC6_NV6_NW6_O3,W_effectiveness,0.39168,available,1,[],[],unavailable
swta,MultiSWTA5_Type0_NT100_NS6_NC6_NV6_NW6_O3,W_high_value_protection,0.50459,available,1,[],[],unavailable
swta,MultiSWTA5_Type0_NT100_NS6_NC6_NV6_NW6_O3,W_resource_conservative,0.765172,available,1,[],[],unavailable
swta,MultiSWTA5_Type0_NT100_NS6_NC6_NV6_NW6_O3,W_timeliness,0.765172,available,1,[],[],unavailable
swta,MultiSWTA5_Type0_NT100_NS6_NC6_NV6_NW6_O4,W_balanced,0.63209,available,1,[],[],unavailable
swta,MultiSWTA5_Type0_NT100_NS6_NC6_NV6_NW6_O4,W_effectiveness,0.39168,available,1,[],[],unavailable
swta,MultiSWTA5_Type0_NT100_NS6_NC6_NV6_NW6_O4,W_high_value_protection,0.50459,available,1,[],[],unavailable
swta,MultiSWTA5_Type0_NT100_NS6_NC6_NV6_NW6_O4,W_resource_conservative,0.765172,available,1,[],[],unavailable
swta,MultiSWTA5_Type0_NT100_NS6_NC6_NV6_NW6_O4,W_timeliness,0.765172,available,1,[],[],unavailable
swta,MultiSWTA5_Type0_NT200_NS12_NC6_NV12_NW6_O2,W_balanced,0.62595,available,1,[],[],unavailable
swta,MultiSWTA5_Type0_NT200_NS12_NC6_NV12_NW6_O2,W_effectiveness,0.3869,available,1,[],[],unavailable
swta,MultiSWTA5_Type0_NT200_NS12_NC6_NV12_NW6_O2,W_high_value_protection,0.49095,available,1,[],[],unavailable
swta,MultiSWTA5_Type0_NT200_NS12_NC6_NV12_NW6_O2,W_resource_conservative,0.76376,available,1,[],[],unavailable
swta,MultiSWTA5_Type0_NT200_NS12_NC6_NV12_NW6_O2,W_timeliness,0.76376,available,1,[],[],unavailable
swta,MultiSWTA5_Type0_NT200_NS12_NC6_NV12_NW6_O3,W_balanced,unavailable,not_applicable,0,[],"[""public_feasibility"", ""defense_effectiveness""]",Domain report status is blocked_by_core_failure; no solution-grounded WTA preference score applies.
swta,MultiSWTA5_Type0_NT200_NS12_NC6_NV12_NW6_O3,W_effectiveness,unavailable,not_applicable,0,[],"[""public_feasibility"", ""defense_effectiveness""]",Domain report status is blocked_by_core_failure; no solution-grounded WTA preference score applies.
swta,MultiSWTA5_Type0_NT200_NS12_NC6_NV12_NW6_O3,W_high_value_protection,unavailable,not_applicable,0,[],"[""public_feasibility"", ""defense_effectiveness"", ""high_value_protection""]",Domain report status is blocked_by_core_failure; no solution-grounded WTA preference score applies.
swta,MultiSWTA5_Type0_NT200_NS12_NC6_NV12_NW6_O3,W_resource_conservative,unavailable,not_applicable,0,[],"[""public_feasibility"", ""defense_effectiveness"", ""resource_quality""]",Domain report status is blocked_by_core_failure; no solution-grounded WTA preference score applies.
swta,MultiSWTA5_Type0_NT200_NS12_NC6_NV12_NW6_O3,W_timeliness,unavailable,not_applicable,0,[],"[""public_feasibility"", ""defense_effectiveness"", ""temporal_quality""]",Domain report status is blocked_by_core_failure; no solution-grounded WTA preference score applies.
swta,MultiSWTA5_Type0_NT200_NS12_NC6_NV12_NW6_O4,W_balanced,0.62595,available,1,[],[],unavailable
swta,MultiSWTA5_Type0_NT200_NS12_NC6_NV12_NW6_O4,W_effectiveness,0.3869,available,1,[],[],unavailable
swta,MultiSWTA5_Type0_NT200_NS12_NC6_NV12_NW6_O4,W_high_value_protection,0.49095,available,1,[],[],unavailable
swta,MultiSWTA5_Type0_NT200_NS12_NC6_NV12_NW6_O4,W_resource_conservative,0.76376,available,1,[],[],unavailable
swta,MultiSWTA5_Type0_NT200_NS12_NC6_NV12_NW6_O4,W_timeliness,0.76376,available,1,[],[],unavailable
swta,MultiSWTA5_Type0_NT200_NS15_NC12_NV15_NW12_O2,W_balanced,0.628186,available,1,[],[],unavailable
swta,MultiSWTA5_Type0_NT200_NS15_NC12_NV15_NW12_O2,W_effectiveness,0.391372,available,1,[],[],unavailable
swta,MultiSWTA5_Type0_NT200_NS15_NC12_NV15_NW12_O2,W_high_value_protection,0.493186,available,1,[],[],unavailable
swta,MultiSWTA5_Type0_NT200_NS15_NC12_NV15_NW12_O2,W_resource_conservative,0.765549,available,1,[],[],unavailable
swta,MultiSWTA5_Type0_NT200_NS15_NC12_NV15_NW12_O2,W_timeliness,0.765549,available,1,[],[],unavailable
swta,MultiSWTA5_Type0_NT200_NS15_NC12_NV15_NW12_O3,W_balanced,0.628186,available,1,[],[],unavailable
swta,MultiSWTA5_Type0_NT200_NS15_NC12_NV15_NW12_O3,W_effectiveness,0.391372,available,1,[],[],unavailable
swta,MultiSWTA5_Type0_NT200_NS15_NC12_NV15_NW12_O3,W_high_value_protection,0.493186,available,1,[],[],unavailable
swta,MultiSWTA5_Type0_NT200_NS15_NC12_NV15_NW12_O3,W_resource_conservative,0.765549,available,1,[],[],unavailable
swta,MultiSWTA5_Type0_NT200_NS15_NC12_NV15_NW12_O3,W_timeliness,0.765549,available,1,[],[],unavailable
swta,MultiSWTA5_Type0_NT200_NS15_NC12_NV15_NW12_O4,W_balanced,0.628186,available,1,[],[],unavailable
swta,MultiSWTA5_Type0_NT200_NS15_NC12_NV15_NW12_O4,W_effectiveness,0.391372,available,1,[],[],unavailable
swta,MultiSWTA5_Type0_NT200_NS15_NC12_NV15_NW12_O4,W_high_value_protection,0.493186,available,1,[],[],unavailable
swta,MultiSWTA5_Type0_NT200_NS15_NC12_NV15_NW12_O4,W_resource_conservative,0.765549,available,1,[],[],unavailable
swta,MultiSWTA5_Type0_NT200_NS15_NC12_NV15_NW12_O4,W_timeliness,0.765549,available,1,[],[],unavailable
swta,MultiSWTA5_Type0_NT50_NS5_NC2_NV5_NW2_O2,W_balanced,0.652914,available,1,[],[],unavailable
swta,MultiSWTA5_Type0_NT50_NS5_NC2_NV5_NW2_O2,W_effectiveness,0.425827,available,1,[],[],unavailable
swta,MultiSWTA5_Type0_NT50_NS5_NC2_NV5_NW2_O2,W_high_value_protection,0.532914,available,1,[],[],unavailable
swta,MultiSWTA5_Type0_NT50_NS5_NC2_NV5_NW2_O2,W_resource_conservative,0.778331,available,1,[],[],unavailable
swta,MultiSWTA5_Type0_NT50_NS5_NC2_NV5_NW2_O2,W_timeliness,0.778331,available,1,[],[],unavailable
swta,MultiSWTA5_Type0_NT50_NS5_NC2_NV5_NW2_O3,W_balanced,0.652914,available,1,[],[],unavailable
swta,MultiSWTA5_Type0_NT50_NS5_NC2_NV5_NW2_O3,W_effectiveness,0.425827,available,1,[],[],unavailable
swta,MultiSWTA5_Type0_NT50_NS5_NC2_NV5_NW2_O3,W_high_value_protection,0.532914,available,1,[],[],unavailable
swta,MultiSWTA5_Type0_NT50_NS5_NC2_NV5_NW2_O3,W_resource_conservative,0.778331,available,1,[],[],unavailable
swta,MultiSWTA5_Type0_NT50_NS5_NC2_NV5_NW2_O3,W_timeliness,0.778331,available,1,[],[],unavailable
swta,MultiSWTA5_Type0_NT50_NS5_NC2_NV5_NW2_O4,W_balanced,0.652914,available,1,[],[],unavailable
swta,MultiSWTA5_Type0_NT50_NS5_NC2_NV5_NW2_O4,W_effectiveness,0.425827,available,1,[],[],unavailable
swta,MultiSWTA5_Type0_NT50_NS5_NC2_NV5_NW2_O4,W_high_value_protection,0.532914,available,1,[],[],unavailable
swta,MultiSWTA5_Type0_NT50_NS5_NC2_NV5_NW2_O4,W_resource_conservative,0.778331,available,1,[],[],unavailable
swta,MultiSWTA5_Type0_NT50_NS5_NC2_NV5_NW2_O4,W_timeliness,0.778331,available,1,[],[],unavailable
swta,MultiSWTA5_Type0_NT50_NS8_NC6_NV8_NW6_O2,W_balanced,0.649461,available,1,[],[],unavailable
swta,MultiSWTA5_Type0_NT50_NS8_NC6_NV8_NW6_O2,W_effectiveness,0.418922,available,1,[],[],unavailable
swta,MultiSWTA5_Type0_NT50_NS8_NC6_NV8_NW6_O2,W_high_value_protection,0.529461,available,1,[],[],unavailable
swta,MultiSWTA5_Type0_NT50_NS8_NC6_NV8_NW6_O2,W_resource_conservative,0.775569,available,1,[],[],unavailable
swta,MultiSWTA5_Type0_NT50_NS8_NC6_NV8_NW6_O2,W_timeliness,0.775569,available,1,[],[],unavailable
swta,MultiSWTA5_Type0_NT50_NS8_NC6_NV8_NW6_O3,W_balanced,0.649461,available,1,[],[],unavailable
swta,MultiSWTA5_Type0_NT50_NS8_NC6_NV8_NW6_O3,W_effectiveness,0.418922,available,1,[],[],unavailable
swta,MultiSWTA5_Type0_NT50_NS8_NC6_NV8_NW6_O3,W_high_value_protection,0.529461,available,1,[],[],unavailable
swta,MultiSWTA5_Type0_NT50_NS8_NC6_NV8_NW6_O3,W_resource_conservative,0.775569,available,1,[],[],unavailable
swta,MultiSWTA5_Type0_NT50_NS8_NC6_NV8_NW6_O3,W_timeliness,0.775569,available,1,[],[],unavailable
swta,MultiSWTA5_Type0_NT50_NS8_NC6_NV8_NW6_O4,W_balanced,0.649461,available,1,[],[],unavailable
swta,MultiSWTA5_Type0_NT50_NS8_NC6_NV8_NW6_O4,W_effectiveness,0.418922,available,1,[],[],unavailable
swta,MultiSWTA5_Type0_NT50_NS8_NC6_NV8_NW6_O4,W_high_value_protection,0.529461,available,1,[],[],unavailable
swta,MultiSWTA5_Type0_NT50_NS8_NC6_NV8_NW6_O4,W_resource_conservative,0.775569,available,1,[],[],unavailable
swta,MultiSWTA5_Type0_NT50_NS8_NC6_NV8_NW6_O4,W_timeliness,0.775569,available,1,[],[],unavailable
swta,MultiSWTA5_Type1_NT100_NS10_NC9_NV10_NW9_O2,W_balanced,0.681097,available,1,[],[],unavailable
swta,MultiSWTA5_Type1_NT100_NS10_NC9_NV10_NW9_O2,W_effectiveness,0.459693,available,1,[],[],unavailable
swta,MultiSWTA5_Type1_NT100_NS10_NC9_NV10_NW9_O2,W_high_value_protection,0.583597,available,1,[],[],unavailable
swta,MultiSWTA5_Type1_NT100_NS10_NC9_NV10_NW9_O2,W_resource_conservative,0.790377,available,1,[],[],unavailable
swta,MultiSWTA5_Type1_NT100_NS10_NC9_NV10_NW9_O2,W_timeliness,0.790377,available,1,[],[],unavailable
swta,MultiSWTA5_Type1_NT100_NS10_NC9_NV10_NW9_O3,W_balanced,0.681097,available,1,[],[],unavailable
swta,MultiSWTA5_Type1_NT100_NS10_NC9_NV10_NW9_O3,W_effectiveness,0.459693,available,1,[],[],unavailable
swta,MultiSWTA5_Type1_NT100_NS10_NC9_NV10_NW9_O3,W_high_value_protection,0.583597,available,1,[],[],unavailable
swta,MultiSWTA5_Type1_NT100_NS10_NC9_NV10_NW9_O3,W_resource_conservative,0.790377,available,1,[],[],unavailable
swta,MultiSWTA5_Type1_NT100_NS10_NC9_NV10_NW9_O3,W_timeliness,0.790377,available,1,[],[],unavailable
swta,MultiSWTA5_Type1_NT100_NS10_NC9_NV10_NW9_O4,W_balanced,0.681097,available,1,[],[],unavailable
swta,MultiSWTA5_Type1_NT100_NS10_NC9_NV10_NW9_O4,W_effectiveness,0.459693,available,1,[],[],unavailable
swta,MultiSWTA5_Type1_NT100_NS10_NC9_NV10_NW9_O4,W_high_value_protection,0.583597,available,1,[],[],unavailable
swta,MultiSWTA5_Type1_NT100_NS10_NC9_NV10_NW9_O4,W_resource_conservative,0.790377,available,1,[],[],unavailable
swta,MultiSWTA5_Type1_NT100_NS10_NC9_NV10_NW9_O4,W_timeliness,0.790377,available,1,[],[],unavailable
swta,MultiSWTA5_Type1_NT100_NS6_NC6_NV6_NW6_O2,W_balanced,0.633652,available,1,[],[],unavailable
swta,MultiSWTA5_Type1_NT100_NS6_NC6_NV6_NW6_O2,W_effectiveness,0.394805,available,1,[],[],unavailable
swta,MultiSWTA5_Type1_NT100_NS6_NC6_NV6_NW6_O2,W_high_value_protection,0.506152,available,1,[],[],unavailable
swta,MultiSWTA5_Type1_NT100_NS6_NC6_NV6_NW6_O2,W_resource_conservative,0.766422,available,1,[],[],unavailable
swta,MultiSWTA5_Type1_NT100_NS6_NC6_NV6_NW6_O2,W_timeliness,0.766422,available,1,[],[],unavailable
swta,MultiSWTA5_Type1_NT100_NS6_NC6_NV6_NW6_O3,W_balanced,0.633652,available,1,[],[],unavailable
swta,MultiSWTA5_Type1_NT100_NS6_NC6_NV6_NW6_O3,W_effectiveness,0.394805,available,1,[],[],unavailable
swta,MultiSWTA5_Type1_NT100_NS6_NC6_NV6_NW6_O3,W_high_value_protection,0.506152,available,1,[],[],unavailable
swta,MultiSWTA5_Type1_NT100_NS6_NC6_NV6_NW6_O3,W_resource_conservative,0.766422,available,1,[],[],unavailable
swta,MultiSWTA5_Type1_NT100_NS6_NC6_NV6_NW6_O3,W_timeliness,0.766422,available,1,[],[],unavailable
swta,MultiSWTA5_Type1_NT100_NS6_NC6_NV6_NW6_O4,W_balanced,0.633652,available,1,[],[],unavailable
swta,MultiSWTA5_Type1_NT100_NS6_NC6_NV6_NW6_O4,W_effectiveness,0.394805,available,1,[],[],unavailable
swta,MultiSWTA5_Type1_NT100_NS6_NC6_NV6_NW6_O4,W_high_value_protection,0.506152,available,1,[],[],unavailable
swta,MultiSWTA5_Type1_NT100_NS6_NC6_NV6_NW6_O4,W_resource_conservative,0.766422,available,1,[],[],unavailable
swta,MultiSWTA5_Type1_NT100_NS6_NC6_NV6_NW6_O4,W_timeliness,0.766422,available,1,[],[],unavailable
swta,MultiSWTA5_Type1_NT200_NS12_NC6_NV12_NW6_O2,W_balanced,0.656026,available,1,[],[],unavailable
swta,MultiSWTA5_Type1_NT200_NS12_NC6_NV12_NW6_O2,W_effectiveness,0.424553,available,1,[],[],unavailable
swta,MultiSWTA5_Type1_NT200_NS12_NC6_NV12_NW6_O2,W_high_value_protection,0.543527,available,1,[],[],unavailable
swta,MultiSWTA5_Type1_NT200_NS12_NC6_NV12_NW6_O2,W_resource_conservative,0.777321,available,1,[],[],unavailable
swta,MultiSWTA5_Type1_NT200_NS12_NC6_NV12_NW6_O2,W_timeliness,0.777321,available,1,[],[],unavailable
swta,MultiSWTA5_Type1_NT200_NS12_NC6_NV12_NW6_O3,W_balanced,0.656026,available,1,[],[],unavailable
swta,MultiSWTA5_Type1_NT200_NS12_NC6_NV12_NW6_O3,W_effectiveness,0.424553,available,1,[],[],unavailable
swta,MultiSWTA5_Type1_NT200_NS12_NC6_NV12_NW6_O3,W_high_value_protection,0.543527,available,1,[],[],unavailable
swta,MultiSWTA5_Type1_NT200_NS12_NC6_NV12_NW6_O3,W_resource_conservative,0.777321,available,1,[],[],unavailable
swta,MultiSWTA5_Type1_NT200_NS12_NC6_NV12_NW6_O3,W_timeliness,0.777321,available,1,[],[],unavailable
swta,MultiSWTA5_Type1_NT200_NS12_NC6_NV12_NW6_O4,W_balanced,0.656026,available,1,[],[],unavailable
swta,MultiSWTA5_Type1_NT200_NS12_NC6_NV12_NW6_O4,W_effectiveness,0.424553,available,1,[],[],unavailable
swta,MultiSWTA5_Type1_NT200_NS12_NC6_NV12_NW6_O4,W_high_value_protection,0.543527,available,1,[],[],unavailable
swta,MultiSWTA5_Type1_NT200_NS12_NC6_NV12_NW6_O4,W_resource_conservative,0.777321,available,1,[],[],unavailable
swta,MultiSWTA5_Type1_NT200_NS12_NC6_NV12_NW6_O4,W_timeliness,0.777321,available,1,[],[],unavailable
swta,MultiSWTA5_Type1_NT200_NS15_NC12_NV15_NW12_O2,W_balanced,0.671896,available,1,[],[],unavailable
swta,MultiSWTA5_Type1_NT200_NS15_NC12_NV15_NW12_O2,W_effectiveness,0.445042,available,1,[],[],unavailable
swta,MultiSWTA5_Type1_NT200_NS15_NC12_NV15_NW12_O2,W_high_value_protection,0.570646,available,1,[],[],unavailable
swta,MultiSWTA5_Type1_NT200_NS15_NC12_NV15_NW12_O2,W_resource_conservative,0.784767,available,1,[],[],unavailable
swta,MultiSWTA5_Type1_NT200_NS15_NC12_NV15_NW12_O2,W_timeliness,0.784767,available,1,[],[],unavailable
swta,MultiSWTA5_Type1_NT200_NS15_NC12_NV15_NW12_O3,W_balanced,0.671896,available,1,[],[],unavailable
swta,MultiSWTA5_Type1_NT200_NS15_NC12_NV15_NW12_O3,W_effectiveness,0.445042,available,1,[],[],unavailable
swta,MultiSWTA5_Type1_NT200_NS15_NC12_NV15_NW12_O3,W_high_value_protection,0.570646,available,1,[],[],unavailable
swta,MultiSWTA5_Type1_NT200_NS15_NC12_NV15_NW12_O3,W_resource_conservative,0.784767,available,1,[],[],unavailable
swta,MultiSWTA5_Type1_NT200_NS15_NC12_NV15_NW12_O3,W_timeliness,0.784767,available,1,[],[],unavailable
swta,MultiSWTA5_Type1_NT200_NS15_NC12_NV15_NW12_O4,W_balanced,0.671896,available,1,[],[],unavailable
swta,MultiSWTA5_Type1_NT200_NS15_NC12_NV15_NW12_O4,W_effectiveness,0.445042,available,1,[],[],unavailable
swta,MultiSWTA5_Type1_NT200_NS15_NC12_NV15_NW12_O4,W_high_value_protection,0.570646,available,1,[],[],unavailable
swta,MultiSWTA5_Type1_NT200_NS15_NC12_NV15_NW12_O4,W_resource_conservative,0.784767,available,1,[],[],unavailable
swta,MultiSWTA5_Type1_NT200_NS15_NC12_NV15_NW12_O4,W_timeliness,0.784767,available,1,[],[],unavailable
swta,MultiSWTA5_Type1_NT50_NS5_NC2_NV5_NW2_O2,W_balanced,0.673355,available,1,[],[],unavailable
swta,MultiSWTA5_Type1_NT50_NS5_NC2_NV5_NW2_O2,W_effectiveness,0.451709,available,1,[],[],unavailable
swta,MultiSWTA5_Type1_NT50_NS5_NC2_NV5_NW2_O2,W_high_value_protection,0.568354,available,1,[],[],unavailable
swta,MultiSWTA5_Type1_NT50_NS5_NC2_NV5_NW2_O2,W_resource_conservative,0.787684,available,1,[],[],unavailable
swta,MultiSWTA5_Type1_NT50_NS5_NC2_NV5_NW2_O2,W_timeliness,0.787684,available,1,[],[],unavailable
swta,MultiSWTA5_Type1_NT50_NS5_NC2_NV5_NW2_O3,W_balanced,0.673355,available,1,[],[],unavailable
swta,MultiSWTA5_Type1_NT50_NS5_NC2_NV5_NW2_O3,W_effectiveness,0.451709,available,1,[],[],unavailable
swta,MultiSWTA5_Type1_NT50_NS5_NC2_NV5_NW2_O3,W_high_value_protection,0.568354,available,1,[],[],unavailable
swta,MultiSWTA5_Type1_NT50_NS5_NC2_NV5_NW2_O3,W_resource_conservative,0.787684,available,1,[],[],unavailable
swta,MultiSWTA5_Type1_NT50_NS5_NC2_NV5_NW2_O3,W_timeliness,0.787684,available,1,[],[],unavailable
swta,MultiSWTA5_Type1_NT50_NS5_NC2_NV5_NW2_O4,W_balanced,0.673355,available,1,[],[],unavailable
swta,MultiSWTA5_Type1_NT50_NS5_NC2_NV5_NW2_O4,W_effectiveness,0.451709,available,1,[],[],unavailable
swta,MultiSWTA5_Type1_NT50_NS5_NC2_NV5_NW2_O4,W_high_value_protection,0.568354,available,1,[],[],unavailable
swta,MultiSWTA5_Type1_NT50_NS5_NC2_NV5_NW2_O4,W_resource_conservative,0.787684,available,1,[],[],unavailable
swta,MultiSWTA5_Type1_NT50_NS5_NC2_NV5_NW2_O4,W_timeliness,0.787684,available,1,[],[],unavailable
swta,MultiSWTA5_Type1_NT50_NS8_NC6_NV8_NW6_O2,W_balanced,0.676112,available,1,[],[],unavailable
swta,MultiSWTA5_Type1_NT50_NS8_NC6_NV8_NW6_O2,W_effectiveness,0.457223,available,1,[],[],unavailable
swta,MultiSWTA5_Type1_NT50_NS8_NC6_NV8_NW6_O2,W_high_value_protection,0.571112,available,1,[],[],unavailable
swta,MultiSWTA5_Type1_NT50_NS8_NC6_NV8_NW6_O2,W_resource_conservative,0.789889,available,1,[],[],unavailable
swta,MultiSWTA5_Type1_NT50_NS8_NC6_NV8_NW6_O2,W_timeliness,0.789889,available,1,[],[],unavailable
swta,MultiSWTA5_Type1_NT50_NS8_NC6_NV8_NW6_O3,W_balanced,0.676112,available,1,[],[],unavailable
swta,MultiSWTA5_Type1_NT50_NS8_NC6_NV8_NW6_O3,W_effectiveness,0.457223,available,1,[],[],unavailable
swta,MultiSWTA5_Type1_NT50_NS8_NC6_NV8_NW6_O3,W_high_value_protection,0.571112,available,1,[],[],unavailable
swta,MultiSWTA5_Type1_NT50_NS8_NC6_NV8_NW6_O3,W_resource_conservative,0.789889,available,1,[],[],unavailable
swta,MultiSWTA5_Type1_NT50_NS8_NC6_NV8_NW6_O3,W_timeliness,0.789889,available,1,[],[],unavailable
swta,MultiSWTA5_Type1_NT50_NS8_NC6_NV8_NW6_O4,W_balanced,0.676112,available,1,[],[],unavailable
swta,MultiSWTA5_Type1_NT50_NS8_NC6_NV8_NW6_O4,W_effectiveness,0.457223,available,1,[],[],unavailable
swta,MultiSWTA5_Type1_NT50_NS8_NC6_NV8_NW6_O4,W_high_value_protection,0.571112,available,1,[],[],unavailable
swta,MultiSWTA5_Type1_NT50_NS8_NC6_NV8_NW6_O4,W_resource_conservative,0.789889,available,1,[],[],unavailable
swta,MultiSWTA5_Type1_NT50_NS8_NC6_NV8_NW6_O4,W_timeliness,0.789889,available,1,[],[],unavailable
madra,MADRA_OPEN_P1_single,W_balanced,0.7925,available,1,[],[],unavailable
madra,MADRA_OPEN_P1_single,W_effectiveness,0.585,available,1,[],[],unavailable
madra,MADRA_OPEN_P1_single,W_high_value_protection,0.7925,available,1,[],[],unavailable
madra,MADRA_OPEN_P1_single,W_resource_conservative,0.834,available,1,[],[],unavailable
madra,MADRA_OPEN_P1_single,W_timeliness,0.834,available,1,[],[],unavailable
madra,MADRA_OPEN_P1_multi3,W_balanced,0.7925,available,1,[],[],unavailable
madra,MADRA_OPEN_P1_multi3,W_effectiveness,0.585,available,1,[],[],unavailable
madra,MADRA_OPEN_P1_multi3,W_high_value_protection,0.7925,available,1,[],[],unavailable
madra,MADRA_OPEN_P1_multi3,W_resource_conservative,0.834,available,1,[],[],unavailable
madra,MADRA_OPEN_P1_multi3,W_timeliness,0.834,available,1,[],[],unavailable
madra,MADRA_OPEN_P2_single,W_balanced,0.77625,available,1,[],[],unavailable
madra,MADRA_OPEN_P2_single,W_effectiveness,0.5525,available,1,[],[],unavailable
madra,MADRA_OPEN_P2_single,W_high_value_protection,0.77625,available,1,[],[],unavailable
madra,MADRA_OPEN_P2_single,W_resource_conservative,0.821,available,1,[],[],unavailable
madra,MADRA_OPEN_P2_single,W_timeliness,0.821,available,1,[],[],unavailable
madra,MADRA_OPEN_P2_multi3,W_balanced,0.77625,available,1,[],[],unavailable
madra,MADRA_OPEN_P2_multi3,W_effectiveness,0.5525,available,1,[],[],unavailable
madra,MADRA_OPEN_P2_multi3,W_high_value_protection,0.77625,available,1,[],[],unavailable
madra,MADRA_OPEN_P2_multi3,W_resource_conservative,0.821,available,1,[],[],unavailable
madra,MADRA_OPEN_P2_multi3,W_timeliness,0.821,available,1,[],[],unavailable
madra,MADRA_OPEN_P3_single,W_balanced,0.745,available,1,[],[],unavailable
madra,MADRA_OPEN_P3_single,W_effectiveness,0.52,available,1,[],[],unavailable
madra,MADRA_OPEN_P3_single,W_high_value_protection,0.715,available,1,[],[],unavailable
madra,MADRA_OPEN_P3_single,W_resource_conservative,0.81,available,1,[],[],unavailable
madra,MADRA_OPEN_P3_single,W_timeliness,0.81,available,1,[],[],unavailable
madra,MADRA_OPEN_P3_multi3,W_balanced,0.745,available,1,[],[],unavailable
madra,MADRA_OPEN_P3_multi3,W_effectiveness,0.52,available,1,[],[],unavailable
madra,MADRA_OPEN_P3_multi3,W_high_value_protection,0.715,available,1,[],[],unavailable
madra,MADRA_OPEN_P3_multi3,W_resource_conservative,0.81,available,1,[],[],unavailable
madra,MADRA_OPEN_P3_multi3,W_timeliness,0.81,available,1,[],[],unavailable
madra,MADRA_OPEN_P4_single,W_balanced,0.775,available,1,[],[],unavailable
madra,MADRA_OPEN_P4_single,W_effectiveness,0.55,available,1,[],[],unavailable
madra,MADRA_OPEN_P4_single,W_high_value_protection,0.775,available,1,[],[],unavailable
madra,MADRA_OPEN_P4_single,W_resource_conservative,0.82,available,1,[],[],unavailable
madra,MADRA_OPEN_P4_single,W_timeliness,0.82,available,1,[],[],unavailable
madra,MADRA_OPEN_P4_multi3,W_balanced,0.745,available,1,[],[],unavailable
madra,MADRA_OPEN_P4_multi3,W_effectiveness,0.52,available,1,[],[],unavailable
madra,MADRA_OPEN_P4_multi3,W_high_value_protection,0.715,available,1,[],[],unavailable
madra,MADRA_OPEN_P4_multi3,W_resource_conservative,0.81,available,1,[],[],unavailable
madra,MADRA_OPEN_P4_multi3,W_timeliness,0.81,available,1,[],[],unavailable
madra,MADRA_OPEN_P5_single,W_balanced,unavailable,not_applicable,0,[],"[""public_feasibility"", ""defense_effectiveness""]",Domain report status is blocked_by_core_failure; no solution-grounded WTA preference score applies.
madra,MADRA_OPEN_P5_single,W_effectiveness,unavailable,not_applicable,0,[],"[""public_feasibility"", ""defense_effectiveness""]",Domain report status is blocked_by_core_failure; no solution-grounded WTA preference score applies.
madra,MADRA_OPEN_P5_single,W_high_value_protection,unavailable,not_applicable,0,[],"[""public_feasibility"", ""defense_effectiveness"", ""high_value_protection""]",Domain report status is blocked_by_core_failure; no solution-grounded WTA preference score applies.
madra,MADRA_OPEN_P5_single,W_resource_conservative,unavailable,not_applicable,0,[],"[""public_feasibility"", ""defense_effectiveness"", ""resource_quality""]",Domain report status is blocked_by_core_failure; no solution-grounded WTA preference score applies.
madra,MADRA_OPEN_P5_single,W_timeliness,unavailable,not_applicable,0,[],"[""public_feasibility"", ""defense_effectiveness"", ""temporal_quality""]",Domain report status is blocked_by_core_failure; no solution-grounded WTA preference score applies.
madra,MADRA_OPEN_P5_multi3,W_balanced,0.736,available,1,[],[],unavailable
madra,MADRA_OPEN_P5_multi3,W_effectiveness,0.502,available,1,[],[],unavailable
madra,MADRA_OPEN_P5_multi3,W_high_value_protection,0.706,available,1,[],[],unavailable
madra,MADRA_OPEN_P5_multi3,W_resource_conservative,0.8028,available,1,[],[],unavailable
madra,MADRA_OPEN_P5_multi3,W_timeliness,0.8028,available,1,[],[],unavailable
madra,MADRA_OPEN_P6_single,W_balanced,unavailable,not_applicable,0,[],"[""public_feasibility"", ""defense_effectiveness""]",Domain report status is blocked_by_core_failure; no solution-grounded WTA preference score applies.
madra,MADRA_OPEN_P6_single,W_effectiveness,unavailable,not_applicable,0,[],"[""public_feasibility"", ""defense_effectiveness""]",Domain report status is blocked_by_core_failure; no solution-grounded WTA preference score applies.
madra,MADRA_OPEN_P6_single,W_high_value_protection,unavailable,not_applicable,0,[],"[""public_feasibility"", ""defense_effectiveness"", ""high_value_protection""]",Domain report status is blocked_by_core_failure; no solution-grounded WTA preference score applies.
madra,MADRA_OPEN_P6_single,W_resource_conservative,unavailable,not_applicable,0,[],"[""public_feasibility"", ""defense_effectiveness"", ""resource_quality""]",Domain report status is blocked_by_core_failure; no solution-grounded WTA preference score applies.
madra,MADRA_OPEN_P6_single,W_timeliness,unavailable,not_applicable,0,[],"[""public_feasibility"", ""defense_effectiveness"", ""temporal_quality""]",Domain report status is blocked_by_core_failure; no solution-grounded WTA preference score applies.
madra,MADRA_OPEN_P6_multi3,W_balanced,0.736,available,1,[],[],unavailable
madra,MADRA_OPEN_P6_multi3,W_effectiveness,0.502,available,1,[],[],unavailable
madra,MADRA_OPEN_P6_multi3,W_high_value_protection,0.706,available,1,[],[],unavailable
madra,MADRA_OPEN_P6_multi3,W_resource_conservative,0.8028,available,1,[],[],unavailable
madra,MADRA_OPEN_P6_multi3,W_timeliness,0.8028,available,1,[],[],unavailable
madra,MADRA_OPEN_P7_single,W_balanced,unavailable,not_applicable,0,[],"[""public_feasibility"", ""defense_effectiveness""]",Domain report status is blocked_by_core_failure; no solution-grounded WTA preference score applies.
madra,MADRA_OPEN_P7_single,W_effectiveness,unavailable,not_applicable,0,[],"[""public_feasibility"", ""defense_effectiveness""]",Domain report status is blocked_by_core_failure; no solution-grounded WTA preference score applies.
madra,MADRA_OPEN_P7_single,W_high_value_protection,unavailable,not_applicable,0,[],"[""public_feasibility"", ""defense_effectiveness"", ""high_value_protection""]",Domain report status is blocked_by_core_failure; no solution-grounded WTA preference score applies.
madra,MADRA_OPEN_P7_single,W_resource_conservative,unavailable,not_applicable,0,[],"[""public_feasibility"", ""defense_effectiveness"", ""resource_quality""]",Domain report status is blocked_by_core_failure; no solution-grounded WTA preference score applies.
madra,MADRA_OPEN_P7_single,W_timeliness,unavailable,not_applicable,0,[],"[""public_feasibility"", ""defense_effectiveness"", ""temporal_quality""]",Domain report status is blocked_by_core_failure; no solution-grounded WTA preference score applies.
madra,MADRA_OPEN_P7_multi3,W_balanced,0.68525,available,1,[],[],unavailable
madra,MADRA_OPEN_P7_multi3,W_effectiveness,0.4455,available,1,[],[],unavailable
madra,MADRA_OPEN_P7_multi3,W_high_value_protection,0.61025,available,1,[],[],unavailable
madra,MADRA_OPEN_P7_multi3,W_resource_conservative,0.7832,available,1,[],[],unavailable
madra,MADRA_OPEN_P7_multi3,W_timeliness,0.7832,available,1,[],[],unavailable
madra,MADRA_OPEN_P8_single,W_balanced,0.68525,available,1,[],[],unavailable
madra,MADRA_OPEN_P8_single,W_effectiveness,0.4455,available,1,[],[],unavailable
madra,MADRA_OPEN_P8_single,W_high_value_protection,0.61025,available,1,[],[],unavailable
madra,MADRA_OPEN_P8_single,W_resource_conservative,0.7832,available,1,[],[],unavailable
madra,MADRA_OPEN_P8_single,W_timeliness,0.7832,available,1,[],[],unavailable
madra,MADRA_OPEN_P8_multi3,W_balanced,0.68525,available,1,[],[],unavailable
madra,MADRA_OPEN_P8_multi3,W_effectiveness,0.4455,available,1,[],[],unavailable
madra,MADRA_OPEN_P8_multi3,W_high_value_protection,0.61025,available,1,[],[],unavailable
madra,MADRA_OPEN_P8_multi3,W_resource_conservative,0.7832,available,1,[],[],unavailable
madra,MADRA_OPEN_P8_multi3,W_timeliness,0.7832,available,1,[],[],unavailable
madra,MADRA_OPEN_P9_single,W_balanced,unavailable,not_applicable,0,[],"[""public_feasibility"", ""defense_effectiveness""]",Domain report status is blocked_by_core_failure; no solution-grounded WTA preference score applies.
madra,MADRA_OPEN_P9_single,W_effectiveness,unavailable,not_applicable,0,[],"[""public_feasibility"", ""defense_effectiveness""]",Domain report status is blocked_by_core_failure; no solution-grounded WTA preference score applies.
madra,MADRA_OPEN_P9_single,W_high_value_protection,unavailable,not_applicable,0,[],"[""public_feasibility"", ""defense_effectiveness"", ""high_value_protection""]",Domain report status is blocked_by_core_failure; no solution-grounded WTA preference score applies.
madra,MADRA_OPEN_P9_single,W_resource_conservative,unavailable,not_applicable,0,[],"[""public_feasibility"", ""defense_effectiveness"", ""resource_quality""]",Domain report status is blocked_by_core_failure; no solution-grounded WTA preference score applies.
madra,MADRA_OPEN_P9_single,W_timeliness,unavailable,not_applicable,0,[],"[""public_feasibility"", ""defense_effectiveness"", ""temporal_quality""]",Domain report status is blocked_by_core_failure; no solution-grounded WTA preference score applies.
madra,MADRA_OPEN_P9_multi3,W_balanced,0.66375,available,1,[],[],unavailable
madra,MADRA_OPEN_P9_multi3,W_effectiveness,0.42125,available,1,[],[],unavailable
madra,MADRA_OPEN_P9_multi3,W_high_value_protection,0.57,available,1,[],[],unavailable
madra,MADRA_OPEN_P9_multi3,W_resource_conservative,0.77475,available,1,[],[],unavailable
madra,MADRA_OPEN_P9_multi3,W_timeliness,0.77475,available,1,[],[],unavailable
madra,MADRA_OPEN_P10_single,W_balanced,0.634,available,1,[],[],unavailable
madra,MADRA_OPEN_P10_single,W_effectiveness,0.388,available,1,[],[],unavailable
madra,MADRA_OPEN_P10_single,W_high_value_protection,0.514,available,1,[],[],unavailable
madra,MADRA_OPEN_P10_single,W_resource_conservative,0.7632,available,1,[],[],unavailable
madra,MADRA_OPEN_P10_single,W_timeliness,0.7632,available,1,[],[],unavailable
madra,MADRA_OPEN_P10_multi3,W_balanced,0.634,available,1,[],[],unavailable
madra,MADRA_OPEN_P10_multi3,W_effectiveness,0.388,available,1,[],[],unavailable
madra,MADRA_OPEN_P10_multi3,W_high_value_protection,0.514,available,1,[],[],unavailable
madra,MADRA_OPEN_P10_multi3,W_resource_conservative,0.7632,available,1,[],[],unavailable
madra,MADRA_OPEN_P10_multi3,W_timeliness,0.7632,available,1,[],[],unavailable
