benchmark_family,sample_label,result_status,failure_type,failure_reason,build_failure,solver_failure,solution_view_failure,public_feasibility_violation,counted_in_denominator
swta,MultiSWTA1_Type0_NT100_NS10_NC9_NV10_NW9_O2,full_success,NO_FAILURE,The bundle satisfied the P8.1.2 core completion contract.,False,False,False,False,True
swta,MultiSWTA1_Type0_NT100_NS10_NC9_NV10_NW9_O3,full_success,NO_FAILURE,The bundle satisfied the P8.1.2 core completion contract.,False,False,False,False,True
swta,MultiSWTA1_Type0_NT100_NS10_NC9_NV10_NW9_O4,full_success,NO_FAILURE,The bundle satisfied the P8.1.2 core completion contract.,False,False,False,False,True
swta,MultiSWTA1_Type0_NT100_NS6_NC6_NV6_NW6_O2,full_success,NO_FAILURE,The bundle satisfied the P8.1.2 core completion contract.,False,False,False,False,True
swta,MultiSWTA1_Type0_NT100_NS6_NC6_NV6_NW6_O3,full_success,NO_FAILURE,The bundle satisfied the P8.1.2 core completion contract.,False,False,False,False,True
swta,MultiSWTA1_Type0_NT100_NS6_NC6_NV6_NW6_O4,full_success,NO_FAILURE,The bundle satisfied the P8.1.2 core completion contract.,False,False,False,False,True
swta,MultiSWTA1_Type0_NT200_NS12_NC6_NV12_NW6_O2,full_success,NO_FAILURE,The bundle satisfied the P8.1.2 core completion contract.,False,False,False,False,True
swta,MultiSWTA1_Type0_NT200_NS12_NC6_NV12_NW6_O3,full_success,NO_FAILURE,The bundle satisfied the P8.1.2 core completion contract.,False,False,False,False,True
swta,MultiSWTA1_Type0_NT200_NS12_NC6_NV12_NW6_O4,full_success,NO_FAILURE,The bundle satisfied the P8.1.2 core completion contract.,False,False,False,False,True
swta,MultiSWTA1_Type0_NT200_NS15_NC12_NV15_NW12_O2,full_success,NO_FAILURE,The bundle satisfied the P8.1.2 core completion contract.,False,False,False,False,True
swta,MultiSWTA1_Type0_NT200_NS15_NC12_NV15_NW12_O3,full_success,NO_FAILURE,The bundle satisfied the P8.1.2 core completion contract.,False,False,False,False,True
swta,MultiSWTA1_Type0_NT200_NS15_NC12_NV15_NW12_O4,full_success,NO_FAILURE,The bundle satisfied the P8.1.2 core completion contract.,False,False,False,False,True
swta,MultiSWTA1_Type0_NT50_NS5_NC2_NV5_NW2_O2,full_success,NO_FAILURE,The bundle satisfied the P8.1.2 core completion contract.,False,False,False,False,True
swta,MultiSWTA1_Type0_NT50_NS5_NC2_NV5_NW2_O3,full_success,NO_FAILURE,The bundle satisfied the P8.1.2 core completion contract.,False,False,False,False,True
swta,MultiSWTA1_Type0_NT50_NS5_NC2_NV5_NW2_O4,full_success,NO_FAILURE,The bundle satisfied the P8.1.2 core completion contract.,False,False,False,False,True
swta,MultiSWTA1_Type0_NT50_NS8_NC6_NV8_NW6_O2,full_success,NO_FAILURE,The bundle satisfied the P8.1.2 core completion contract.,False,False,False,False,True
swta,MultiSWTA1_Type0_NT50_NS8_NC6_NV8_NW6_O3,full_success,NO_FAILURE,The bundle satisfied the P8.1.2 core completion contract.,False,False,False,False,True
swta,MultiSWTA1_Type0_NT50_NS8_NC6_NV8_NW6_O4,p4_builder_contract_failed,ARTIFACT_MISSING,The method bundle did not pass deterministic P8.1.1 validation.,False,False,False,False,True
swta,MultiSWTA2_Type0_NT100_NS10_NC9_NV10_NW9_O2,full_success,NO_FAILURE,The bundle satisfied the P8.1.2 core completion contract.,False,False,False,False,True
swta,MultiSWTA2_Type0_NT100_NS10_NC9_NV10_NW9_O3,full_success,NO_FAILURE,The bundle satisfied the P8.1.2 core completion contract.,False,False,False,False,True
swta,MultiSWTA2_Type0_NT100_NS10_NC9_NV10_NW9_O4,full_success,NO_FAILURE,The bundle satisfied the P8.1.2 core completion contract.,False,False,False,False,True
swta,MultiSWTA2_Type0_NT100_NS6_NC6_NV6_NW6_O2,full_success,NO_FAILURE,The bundle satisfied the P8.1.2 core completion contract.,False,False,False,False,True
swta,MultiSWTA2_Type0_NT100_NS6_NC6_NV6_NW6_O3,full_success,NO_FAILURE,The bundle satisfied the P8.1.2 core completion contract.,False,False,False,False,True
swta,MultiSWTA2_Type0_NT100_NS6_NC6_NV6_NW6_O4,full_success,NO_FAILURE,The bundle satisfied the P8.1.2 core completion contract.,False,False,False,False,True
swta,MultiSWTA2_Type0_NT200_NS12_NC6_NV12_NW6_O2,full_success,NO_FAILURE,The bundle satisfied the P8.1.2 core completion contract.,False,False,False,False,True
swta,MultiSWTA2_Type0_NT200_NS12_NC6_NV12_NW6_O3,full_success,NO_FAILURE,The bundle satisfied the P8.1.2 core completion contract.,False,False,False,False,True
swta,MultiSWTA2_Type0_NT200_NS12_NC6_NV12_NW6_O4,full_success,NO_FAILURE,The bundle satisfied the P8.1.2 core completion contract.,False,False,False,False,True
swta,MultiSWTA2_Type0_NT200_NS15_NC12_NV15_NW12_O2,full_success,NO_FAILURE,The bundle satisfied the P8.1.2 core completion contract.,False,False,False,False,True
swta,MultiSWTA2_Type0_NT200_NS15_NC12_NV15_NW12_O3,full_success,NO_FAILURE,The bundle satisfied the P8.1.2 core completion contract.,False,False,False,False,True
swta,MultiSWTA2_Type0_NT200_NS15_NC12_NV15_NW12_O4,full_success,NO_FAILURE,The bundle satisfied the P8.1.2 core completion contract.,False,False,False,False,True
swta,MultiSWTA2_Type0_NT50_NS5_NC2_NV5_NW2_O2,full_success,NO_FAILURE,The bundle satisfied the P8.1.2 core completion contract.,False,False,False,False,True
swta,MultiSWTA2_Type0_NT50_NS5_NC2_NV5_NW2_O3,full_success,NO_FAILURE,The bundle satisfied the P8.1.2 core completion contract.,False,False,False,False,True
swta,MultiSWTA2_Type0_NT50_NS5_NC2_NV5_NW2_O4,full_success,NO_FAILURE,The bundle satisfied the P8.1.2 core completion contract.,False,False,False,False,True
swta,MultiSWTA2_Type0_NT50_NS8_NC6_NV8_NW6_O2,full_success,NO_FAILURE,The bundle satisfied the P8.1.2 core completion contract.,False,False,False,False,True
swta,MultiSWTA2_Type0_NT50_NS8_NC6_NV8_NW6_O3,full_success,NO_FAILURE,The bundle satisfied the P8.1.2 core completion contract.,False,False,False,False,True
swta,MultiSWTA2_Type0_NT50_NS8_NC6_NV8_NW6_O4,full_success,NO_FAILURE,The bundle satisfied the P8.1.2 core completion contract.,False,False,False,False,True
swta,MultiSWTA2_Type1_NT100_NS10_NC9_NV10_NW9_O2,full_success,NO_FAILURE,The bundle satisfied the P8.1.2 core completion contract.,False,False,False,False,True
swta,MultiSWTA2_Type1_NT100_NS10_NC9_NV10_NW9_O3,full_success,NO_FAILURE,The bundle satisfied the P8.1.2 core completion contract.,False,False,False,False,True
swta,MultiSWTA2_Type1_NT100_NS10_NC9_NV10_NW9_O4,full_success,NO_FAILURE,The bundle satisfied the P8.1.2 core completion contract.,False,False,False,False,True
swta,MultiSWTA2_Type1_NT100_NS6_NC6_NV6_NW6_O2,full_success,NO_FAILURE,The bundle satisfied the P8.1.2 core completion contract.,False,False,False,False,True
swta,MultiSWTA2_Type1_NT100_NS6_NC6_NV6_NW6_O3,full_success,NO_FAILURE,The bundle satisfied the P8.1.2 core completion contract.,False,False,False,False,True
swta,MultiSWTA2_Type1_NT100_NS6_NC6_NV6_NW6_O4,full_success,NO_FAILURE,The bundle satisfied the P8.1.2 core completion contract.,False,False,False,False,True
swta,MultiSWTA2_Type1_NT200_NS12_NC6_NV12_NW6_O2,full_success,NO_FAILURE,The bundle satisfied the P8.1.2 core completion contract.,False,False,False,False,True
swta,MultiSWTA2_Type1_NT200_NS12_NC6_NV12_NW6_O3,full_success,NO_FAILURE,The bundle satisfied the P8.1.2 core completion contract.,False,False,False,False,True
swta,MultiSWTA2_Type1_NT200_NS12_NC6_NV12_NW6_O4,full_success,NO_FAILURE,The bundle satisfied the P8.1.2 core completion contract.,False,False,False,False,True
swta,MultiSWTA2_Type1_NT200_NS15_NC12_NV15_NW12_O2,full_success,NO_FAILURE,The bundle satisfied the P8.1.2 core completion contract.,False,False,False,False,True
swta,MultiSWTA2_Type1_NT200_NS15_NC12_NV15_NW12_O3,full_success,NO_FAILURE,The bundle satisfied the P8.1.2 core completion contract.,False,False,False,False,True
swta,MultiSWTA2_Type1_NT200_NS15_NC12_NV15_NW12_O4,full_success,NO_FAILURE,The bundle satisfied the P8.1.2 core completion contract.,False,False,False,False,True
swta,MultiSWTA2_Type1_NT50_NS5_NC2_NV5_NW2_O2,full_success,NO_FAILURE,The bundle satisfied the P8.1.2 core completion contract.,False,False,False,False,True
swta,MultiSWTA2_Type1_NT50_NS5_NC2_NV5_NW2_O3,full_success,NO_FAILURE,The bundle satisfied the P8.1.2 core completion contract.,False,False,False,False,True
swta,MultiSWTA2_Type1_NT50_NS5_NC2_NV5_NW2_O4,full_success,NO_FAILURE,The bundle satisfied the P8.1.2 core completion contract.,False,False,False,False,True
swta,MultiSWTA2_Type1_NT50_NS8_NC6_NV8_NW6_O2,full_success,NO_FAILURE,The bundle satisfied the P8.1.2 core completion contract.,False,False,False,False,True
swta,MultiSWTA2_Type1_NT50_NS8_NC6_NV8_NW6_O3,full_success,NO_FAILURE,The bundle satisfied the P8.1.2 core completion contract.,False,False,False,False,True
swta,MultiSWTA2_Type1_NT50_NS8_NC6_NV8_NW6_O4,full_success,NO_FAILURE,The bundle satisfied the P8.1.2 core completion contract.,False,False,False,False,True
swta,MultiSWTA3_Type0_NT100_NS10_NC9_NV10_NW9_O2,full_success,NO_FAILURE,The bundle satisfied the P8.1.2 core completion contract.,False,False,False,False,True
swta,MultiSWTA3_Type0_NT100_NS10_NC9_NV10_NW9_O3,full_success,NO_FAILURE,The bundle satisfied the P8.1.2 core completion contract.,False,False,False,False,True
swta,MultiSWTA3_Type0_NT100_NS10_NC9_NV10_NW9_O4,full_success,NO_FAILURE,The bundle satisfied the P8.1.2 core completion contract.,False,False,False,False,True
swta,MultiSWTA3_Type0_NT100_NS6_NC6_NV6_NW6_O2,full_success,NO_FAILURE,The bundle satisfied the P8.1.2 core completion contract.,False,False,False,False,True
swta,MultiSWTA3_Type0_NT100_NS6_NC6_NV6_NW6_O3,full_success,NO_FAILURE,The bundle satisfied the P8.1.2 core completion contract.,False,False,False,False,True
swta,MultiSWTA3_Type0_NT100_NS6_NC6_NV6_NW6_O4,full_success,NO_FAILURE,The bundle satisfied the P8.1.2 core completion contract.,False,False,False,False,True
swta,MultiSWTA3_Type0_NT200_NS12_NC6_NV12_NW6_O2,full_success,NO_FAILURE,The bundle satisfied the P8.1.2 core completion contract.,False,False,False,False,True
swta,MultiSWTA3_Type0_NT200_NS12_NC6_NV12_NW6_O3,full_success,NO_FAILURE,The bundle satisfied the P8.1.2 core completion contract.,False,False,False,False,True
swta,MultiSWTA3_Type0_NT200_NS12_NC6_NV12_NW6_O4,full_success,NO_FAILURE,The bundle satisfied the P8.1.2 core completion contract.,False,False,False,False,True
swta,MultiSWTA3_Type0_NT200_NS15_NC12_NV15_NW12_O2,full_success,NO_FAILURE,The bundle satisfied the P8.1.2 core completion contract.,False,False,False,False,True
swta,MultiSWTA3_Type0_NT200_NS15_NC12_NV15_NW12_O3,full_success,NO_FAILURE,The bundle satisfied the P8.1.2 core completion contract.,False,False,False,False,True
swta,MultiSWTA3_Type0_NT200_NS15_NC12_NV15_NW12_O4,full_success,NO_FAILURE,The bundle satisfied the P8.1.2 core completion contract.,False,False,False,False,True
swta,MultiSWTA3_Type0_NT50_NS5_NC2_NV5_NW2_O2,full_success,NO_FAILURE,The bundle satisfied the P8.1.2 core completion contract.,False,False,False,False,True
swta,MultiSWTA3_Type0_NT50_NS5_NC2_NV5_NW2_O3,full_success,NO_FAILURE,The bundle satisfied the P8.1.2 core completion contract.,False,False,False,False,True
swta,MultiSWTA3_Type0_NT50_NS5_NC2_NV5_NW2_O4,full_success,NO_FAILURE,The bundle satisfied the P8.1.2 core completion contract.,False,False,False,False,True
swta,MultiSWTA3_Type0_NT50_NS8_NC6_NV8_NW6_O2,full_success,NO_FAILURE,The bundle satisfied the P8.1.2 core completion contract.,False,False,False,False,True
swta,MultiSWTA3_Type0_NT50_NS8_NC6_NV8_NW6_O3,full_success,NO_FAILURE,The bundle satisfied the P8.1.2 core completion contract.,False,False,False,False,True
swta,MultiSWTA3_Type0_NT50_NS8_NC6_NV8_NW6_O4,full_success,NO_FAILURE,The bundle satisfied the P8.1.2 core completion contract.,False,False,False,False,True
swta,MultiSWTA3_Type1_NT100_NS10_NC9_NV10_NW9_O2,full_success,NO_FAILURE,The bundle satisfied the P8.1.2 core completion contract.,False,False,False,False,True
swta,MultiSWTA3_Type1_NT100_NS10_NC9_NV10_NW9_O3,full_success,NO_FAILURE,The bundle satisfied the P8.1.2 core completion contract.,False,False,False,False,True
swta,MultiSWTA3_Type1_NT100_NS10_NC9_NV10_NW9_O4,full_success,NO_FAILURE,The bundle satisfied the P8.1.2 core completion contract.,False,False,False,False,True
swta,MultiSWTA3_Type1_NT100_NS6_NC6_NV6_NW6_O2,full_success,NO_FAILURE,The bundle satisfied the P8.1.2 core completion contract.,False,False,False,False,True
swta,MultiSWTA3_Type1_NT100_NS6_NC6_NV6_NW6_O3,full_success,NO_FAILURE,The bundle satisfied the P8.1.2 core completion contract.,False,False,False,False,True
swta,MultiSWTA3_Type1_NT100_NS6_NC6_NV6_NW6_O4,full_success,NO_FAILURE,The bundle satisfied the P8.1.2 core completion contract.,False,False,False,False,True
swta,MultiSWTA3_Type1_NT200_NS12_NC6_NV12_NW6_O2,full_success,NO_FAILURE,The bundle satisfied the P8.1.2 core completion contract.,False,False,False,False,True
swta,MultiSWTA3_Type1_NT200_NS12_NC6_NV12_NW6_O3,full_success,NO_FAILURE,The bundle satisfied the P8.1.2 core completion contract.,False,False,False,False,True
swta,MultiSWTA3_Type1_NT200_NS12_NC6_NV12_NW6_O4,full_success,NO_FAILURE,The bundle satisfied the P8.1.2 core completion contract.,False,False,False,False,True
swta,MultiSWTA3_Type1_NT200_NS15_NC12_NV15_NW12_O2,full_success,NO_FAILURE,The bundle satisfied the P8.1.2 core completion contract.,False,False,False,False,True
swta,MultiSWTA3_Type1_NT200_NS15_NC12_NV15_NW12_O3,full_success,NO_FAILURE,The bundle satisfied the P8.1.2 core completion contract.,False,False,False,False,True
swta,MultiSWTA3_Type1_NT200_NS15_NC12_NV15_NW12_O4,full_success,NO_FAILURE,The bundle satisfied the P8.1.2 core completion contract.,False,False,False,False,True
swta,MultiSWTA3_Type1_NT50_NS5_NC2_NV5_NW2_O2,full_success,NO_FAILURE,The bundle satisfied the P8.1.2 core completion contract.,False,False,False,False,True
swta,MultiSWTA3_Type1_NT50_NS5_NC2_NV5_NW2_O3,full_success,NO_FAILURE,The bundle satisfied the P8.1.2 core completion contract.,False,False,False,False,True
swta,MultiSWTA3_Type1_NT50_NS5_NC2_NV5_NW2_O4,full_success,NO_FAILURE,The bundle satisfied the P8.1.2 core completion contract.,False,False,False,False,True
swta,MultiSWTA3_Type1_NT50_NS8_NC6_NV8_NW6_O2,full_success,NO_FAILURE,The bundle satisfied the P8.1.2 core completion contract.,False,False,False,False,True
swta,MultiSWTA3_Type1_NT50_NS8_NC6_NV8_NW6_O3,full_success,NO_FAILURE,The bundle satisfied the P8.1.2 core completion contract.,False,False,False,False,True
swta,MultiSWTA3_Type1_NT50_NS8_NC6_NV8_NW6_O4,full_success,NO_FAILURE,The bundle satisfied the P8.1.2 core completion contract.,False,False,False,False,True
swta,MultiSWTA4_Type0_NT100_NS10_NC9_NV10_NW9_O2,full_success,NO_FAILURE,The bundle satisfied the P8.1.2 core completion contract.,False,False,False,False,True
swta,MultiSWTA4_Type0_NT100_NS10_NC9_NV10_NW9_O3,full_success,NO_FAILURE,The bundle satisfied the P8.1.2 core completion contract.,False,False,False,False,True
swta,MultiSWTA4_Type0_NT100_NS10_NC9_NV10_NW9_O4,full_success,NO_FAILURE,The bundle satisfied the P8.1.2 core completion contract.,False,False,False,False,True
swta,MultiSWTA4_Type0_NT100_NS6_NC6_NV6_NW6_O2,full_success,NO_FAILURE,The bundle satisfied the P8.1.2 core completion contract.,False,False,False,False,True
swta,MultiSWTA4_Type0_NT100_NS6_NC6_NV6_NW6_O3,full_success,NO_FAILURE,The bundle satisfied the P8.1.2 core completion contract.,False,False,False,False,True
swta,MultiSWTA4_Type0_NT100_NS6_NC6_NV6_NW6_O4,full_success,NO_FAILURE,The bundle satisfied the P8.1.2 core completion contract.,False,False,False,False,True
swta,MultiSWTA4_Type0_NT200_NS12_NC6_NV12_NW6_O2,full_success,NO_FAILURE,The bundle satisfied the P8.1.2 core completion contract.,False,False,False,False,True
swta,MultiSWTA4_Type0_NT200_NS12_NC6_NV12_NW6_O3,full_success,NO_FAILURE,The bundle satisfied the P8.1.2 core completion contract.,False,False,False,False,True
swta,MultiSWTA4_Type0_NT200_NS12_NC6_NV12_NW6_O4,full_success,NO_FAILURE,The bundle satisfied the P8.1.2 core completion contract.,False,False,False,False,True
swta,MultiSWTA4_Type0_NT200_NS15_NC12_NV15_NW12_O2,full_success,NO_FAILURE,The bundle satisfied the P8.1.2 core completion contract.,False,False,False,False,True
swta,MultiSWTA4_Type0_NT200_NS15_NC12_NV15_NW12_O3,full_success,NO_FAILURE,The bundle satisfied the P8.1.2 core completion contract.,False,False,False,False,True
swta,MultiSWTA4_Type0_NT200_NS15_NC12_NV15_NW12_O4,full_success,NO_FAILURE,The bundle satisfied the P8.1.2 core completion contract.,False,False,False,False,True
swta,MultiSWTA4_Type0_NT50_NS5_NC2_NV5_NW2_O2,full_success,NO_FAILURE,The bundle satisfied the P8.1.2 core completion contract.,False,False,False,False,True
swta,MultiSWTA4_Type0_NT50_NS5_NC2_NV5_NW2_O3,full_success,NO_FAILURE,The bundle satisfied the P8.1.2 core completion contract.,False,False,False,False,True
swta,MultiSWTA4_Type0_NT50_NS5_NC2_NV5_NW2_O4,full_success,NO_FAILURE,The bundle satisfied the P8.1.2 core completion contract.,False,False,False,False,True
swta,MultiSWTA4_Type0_NT50_NS8_NC6_NV8_NW6_O2,full_success,NO_FAILURE,The bundle satisfied the P8.1.2 core completion contract.,False,False,False,False,True
swta,MultiSWTA4_Type0_NT50_NS8_NC6_NV8_NW6_O3,full_success,NO_FAILURE,The bundle satisfied the P8.1.2 core completion contract.,False,False,False,False,True
swta,MultiSWTA4_Type0_NT50_NS8_NC6_NV8_NW6_O4,full_success,NO_FAILURE,The bundle satisfied the P8.1.2 core completion contract.,False,False,False,False,True
swta,MultiSWTA4_Type1_NT100_NS10_NC9_NV10_NW9_O2,full_success,NO_FAILURE,The bundle satisfied the P8.1.2 core completion contract.,False,False,False,False,True
swta,MultiSWTA4_Type1_NT100_NS10_NC9_NV10_NW9_O3,full_success,NO_FAILURE,The bundle satisfied the P8.1.2 core completion contract.,False,False,False,False,True
swta,MultiSWTA4_Type1_NT100_NS10_NC9_NV10_NW9_O4,full_success,NO_FAILURE,The bundle satisfied the P8.1.2 core completion contract.,False,False,False,False,True
swta,MultiSWTA4_Type1_NT100_NS6_NC6_NV6_NW6_O2,full_success,NO_FAILURE,The bundle satisfied the P8.1.2 core completion contract.,False,False,False,False,True
swta,MultiSWTA4_Type1_NT100_NS6_NC6_NV6_NW6_O3,p4_semantic_failed,ARTIFACT_MISSING,The method bundle did not pass deterministic P8.1.1 validation.,False,False,False,False,True
swta,MultiSWTA4_Type1_NT100_NS6_NC6_NV6_NW6_O4,full_success,NO_FAILURE,The bundle satisfied the P8.1.2 core completion contract.,False,False,False,False,True
swta,MultiSWTA4_Type1_NT200_NS12_NC6_NV12_NW6_O2,full_success,NO_FAILURE,The bundle satisfied the P8.1.2 core completion contract.,False,False,False,False,True
swta,MultiSWTA4_Type1_NT200_NS12_NC6_NV12_NW6_O3,full_success,NO_FAILURE,The bundle satisfied the P8.1.2 core completion contract.,False,False,False,False,True
swta,MultiSWTA4_Type1_NT200_NS12_NC6_NV12_NW6_O4,full_success,NO_FAILURE,The bundle satisfied the P8.1.2 core completion contract.,False,False,False,False,True
swta,MultiSWTA4_Type1_NT200_NS15_NC12_NV15_NW12_O2,full_success,NO_FAILURE,The bundle satisfied the P8.1.2 core completion contract.,False,False,False,False,True
swta,MultiSWTA4_Type1_NT200_NS15_NC12_NV15_NW12_O3,full_success,NO_FAILURE,The bundle satisfied the P8.1.2 core completion contract.,False,False,False,False,True
swta,MultiSWTA4_Type1_NT200_NS15_NC12_NV15_NW12_O4,full_success,NO_FAILURE,The bundle satisfied the P8.1.2 core completion contract.,False,False,False,False,True
swta,MultiSWTA4_Type1_NT50_NS5_NC2_NV5_NW2_O2,full_success,NO_FAILURE,The bundle satisfied the P8.1.2 core completion contract.,False,False,False,False,True
swta,MultiSWTA4_Type1_NT50_NS5_NC2_NV5_NW2_O3,full_success,NO_FAILURE,The bundle satisfied the P8.1.2 core completion contract.,False,False,False,False,True
swta,MultiSWTA4_Type1_NT50_NS5_NC2_NV5_NW2_O4,full_success,NO_FAILURE,The bundle satisfied the P8.1.2 core completion contract.,False,False,False,False,True
swta,MultiSWTA4_Type1_NT50_NS8_NC6_NV8_NW6_O2,full_success,NO_FAILURE,The bundle satisfied the P8.1.2 core completion contract.,False,False,False,False,True
swta,MultiSWTA4_Type1_NT50_NS8_NC6_NV8_NW6_O3,full_success,NO_FAILURE,The bundle satisfied the P8.1.2 core completion contract.,False,False,False,False,True
swta,MultiSWTA4_Type1_NT50_NS8_NC6_NV8_NW6_O4,full_success,NO_FAILURE,The bundle satisfied the P8.1.2 core completion contract.,False,False,False,False,True
swta,MultiSWTA5_Type0_NT100_NS10_NC9_NV10_NW9_O2,full_success,NO_FAILURE,The bundle satisfied the P8.1.2 core completion contract.,False,False,False,False,True
swta,MultiSWTA5_Type0_NT100_NS10_NC9_NV10_NW9_O3,full_success,NO_FAILURE,The bundle satisfied the P8.1.2 core completion contract.,False,False,False,False,True
swta,MultiSWTA5_Type0_NT100_NS10_NC9_NV10_NW9_O4,full_success,NO_FAILURE,The bundle satisfied the P8.1.2 core completion contract.,False,False,False,False,True
swta,MultiSWTA5_Type0_NT100_NS6_NC6_NV6_NW6_O2,full_success,NO_FAILURE,The bundle satisfied the P8.1.2 core completion contract.,False,False,False,False,True
swta,MultiSWTA5_Type0_NT100_NS6_NC6_NV6_NW6_O3,full_success,NO_FAILURE,The bundle satisfied the P8.1.2 core completion contract.,False,False,False,False,True
swta,MultiSWTA5_Type0_NT100_NS6_NC6_NV6_NW6_O4,full_success,NO_FAILURE,The bundle satisfied the P8.1.2 core completion contract.,False,False,False,False,True
swta,MultiSWTA5_Type0_NT200_NS12_NC6_NV12_NW6_O2,full_success,NO_FAILURE,The bundle satisfied the P8.1.2 core completion contract.,False,False,False,False,True
swta,MultiSWTA5_Type0_NT200_NS12_NC6_NV12_NW6_O3,p4_builder_contract_failed,ARTIFACT_MISSING,The method bundle did not pass deterministic P8.1.1 validation.,False,False,False,False,True
swta,MultiSWTA5_Type0_NT200_NS12_NC6_NV12_NW6_O4,full_success,NO_FAILURE,The bundle satisfied the P8.1.2 core completion contract.,False,False,False,False,True
swta,MultiSWTA5_Type0_NT200_NS15_NC12_NV15_NW12_O2,full_success,NO_FAILURE,The bundle satisfied the P8.1.2 core completion contract.,False,False,False,False,True
swta,MultiSWTA5_Type0_NT200_NS15_NC12_NV15_NW12_O3,full_success,NO_FAILURE,The bundle satisfied the P8.1.2 core completion contract.,False,False,False,False,True
swta,MultiSWTA5_Type0_NT200_NS15_NC12_NV15_NW12_O4,full_success,NO_FAILURE,The bundle satisfied the P8.1.2 core completion contract.,False,False,False,False,True
swta,MultiSWTA5_Type0_NT50_NS5_NC2_NV5_NW2_O2,full_success,NO_FAILURE,The bundle satisfied the P8.1.2 core completion contract.,False,False,False,False,True
swta,MultiSWTA5_Type0_NT50_NS5_NC2_NV5_NW2_O3,full_success,NO_FAILURE,The bundle satisfied the P8.1.2 core completion contract.,False,False,False,False,True
swta,MultiSWTA5_Type0_NT50_NS5_NC2_NV5_NW2_O4,full_success,NO_FAILURE,The bundle satisfied the P8.1.2 core completion contract.,False,False,False,False,True
swta,MultiSWTA5_Type0_NT50_NS8_NC6_NV8_NW6_O2,full_success,NO_FAILURE,The bundle satisfied the P8.1.2 core completion contract.,False,False,False,False,True
swta,MultiSWTA5_Type0_NT50_NS8_NC6_NV8_NW6_O3,full_success,NO_FAILURE,The bundle satisfied the P8.1.2 core completion contract.,False,False,False,False,True
swta,MultiSWTA5_Type0_NT50_NS8_NC6_NV8_NW6_O4,full_success,NO_FAILURE,The bundle satisfied the P8.1.2 core completion contract.,False,False,False,False,True
swta,MultiSWTA5_Type1_NT100_NS10_NC9_NV10_NW9_O2,full_success,NO_FAILURE,The bundle satisfied the P8.1.2 core completion contract.,False,False,False,False,True
swta,MultiSWTA5_Type1_NT100_NS10_NC9_NV10_NW9_O3,full_success,NO_FAILURE,The bundle satisfied the P8.1.2 core completion contract.,False,False,False,False,True
swta,MultiSWTA5_Type1_NT100_NS10_NC9_NV10_NW9_O4,full_success,NO_FAILURE,The bundle satisfied the P8.1.2 core completion contract.,False,False,False,False,True
swta,MultiSWTA5_Type1_NT100_NS6_NC6_NV6_NW6_O2,full_success,NO_FAILURE,The bundle satisfied the P8.1.2 core completion contract.,False,False,False,False,True
swta,MultiSWTA5_Type1_NT100_NS6_NC6_NV6_NW6_O3,full_success,NO_FAILURE,The bundle satisfied the P8.1.2 core completion contract.,False,False,False,False,True
swta,MultiSWTA5_Type1_NT100_NS6_NC6_NV6_NW6_O4,full_success,NO_FAILURE,The bundle satisfied the P8.1.2 core completion contract.,False,False,False,False,True
swta,MultiSWTA5_Type1_NT200_NS12_NC6_NV12_NW6_O2,full_success,NO_FAILURE,The bundle satisfied the P8.1.2 core completion contract.,False,False,False,False,True
swta,MultiSWTA5_Type1_NT200_NS12_NC6_NV12_NW6_O3,full_success,NO_FAILURE,The bundle satisfied the P8.1.2 core completion contract.,False,False,False,False,True
swta,MultiSWTA5_Type1_NT200_NS12_NC6_NV12_NW6_O4,full_success,NO_FAILURE,The bundle satisfied the P8.1.2 core completion contract.,False,False,False,False,True
swta,MultiSWTA5_Type1_NT200_NS15_NC12_NV15_NW12_O2,full_success,NO_FAILURE,The bundle satisfied the P8.1.2 core completion contract.,False,False,False,False,True
swta,MultiSWTA5_Type1_NT200_NS15_NC12_NV15_NW12_O3,full_success,NO_FAILURE,The bundle satisfied the P8.1.2 core completion contract.,False,False,False,False,True
swta,MultiSWTA5_Type1_NT200_NS15_NC12_NV15_NW12_O4,full_success,NO_FAILURE,The bundle satisfied the P8.1.2 core completion contract.,False,False,False,False,True
swta,MultiSWTA5_Type1_NT50_NS5_NC2_NV5_NW2_O2,full_success,NO_FAILURE,The bundle satisfied the P8.1.2 core completion contract.,False,False,False,False,True
swta,MultiSWTA5_Type1_NT50_NS5_NC2_NV5_NW2_O3,full_success,NO_FAILURE,The bundle satisfied the P8.1.2 core completion contract.,False,False,False,False,True
swta,MultiSWTA5_Type1_NT50_NS5_NC2_NV5_NW2_O4,full_success,NO_FAILURE,The bundle satisfied the P8.1.2 core completion contract.,False,False,False,False,True
swta,MultiSWTA5_Type1_NT50_NS8_NC6_NV8_NW6_O2,full_success,NO_FAILURE,The bundle satisfied the P8.1.2 core completion contract.,False,False,False,False,True
swta,MultiSWTA5_Type1_NT50_NS8_NC6_NV8_NW6_O3,full_success,NO_FAILURE,The bundle satisfied the P8.1.2 core completion contract.,False,False,False,False,True
swta,MultiSWTA5_Type1_NT50_NS8_NC6_NV8_NW6_O4,full_success,NO_FAILURE,The bundle satisfied the P8.1.2 core completion contract.,False,False,False,False,True
madra,MADRA_OPEN_P1_single,full_success,NO_FAILURE,The bundle satisfied the P8.1.2 core completion contract.,False,False,False,False,True
madra,MADRA_OPEN_P1_multi3,full_success,NO_FAILURE,The bundle satisfied the P8.1.2 core completion contract.,False,False,False,False,True
madra,MADRA_OPEN_P2_single,full_success,NO_FAILURE,The bundle satisfied the P8.1.2 core completion contract.,False,False,False,False,True
madra,MADRA_OPEN_P2_multi3,full_success,NO_FAILURE,The bundle satisfied the P8.1.2 core completion contract.,False,False,False,False,True
madra,MADRA_OPEN_P3_single,full_success,NO_FAILURE,The bundle satisfied the P8.1.2 core completion contract.,False,False,False,False,True
madra,MADRA_OPEN_P3_multi3,full_success,NO_FAILURE,The bundle satisfied the P8.1.2 core completion contract.,False,False,False,False,True
madra,MADRA_OPEN_P4_single,full_success,NO_FAILURE,The bundle satisfied the P8.1.2 core completion contract.,False,False,False,False,True
madra,MADRA_OPEN_P4_multi3,full_success,NO_FAILURE,The bundle satisfied the P8.1.2 core completion contract.,False,False,False,False,True
madra,MADRA_OPEN_P5_single,p4_builder_contract_failed,ARTIFACT_MISSING,The method bundle did not pass deterministic P8.1.1 validation.,False,False,False,False,True
madra,MADRA_OPEN_P5_multi3,full_success,NO_FAILURE,The bundle satisfied the P8.1.2 core completion contract.,False,False,False,False,True
madra,MADRA_OPEN_P6_single,p4_builder_contract_failed,ARTIFACT_MISSING,The method bundle did not pass deterministic P8.1.1 validation.,False,False,False,False,True
madra,MADRA_OPEN_P6_multi3,full_success,NO_FAILURE,The bundle satisfied the P8.1.2 core completion contract.,False,False,False,False,True
madra,MADRA_OPEN_P7_single,p4_builder_contract_failed,ARTIFACT_MISSING,The method bundle did not pass deterministic P8.1.1 validation.,False,False,False,False,True
madra,MADRA_OPEN_P7_multi3,full_success,NO_FAILURE,The bundle satisfied the P8.1.2 core completion contract.,False,False,False,False,True
madra,MADRA_OPEN_P8_single,full_success,NO_FAILURE,The bundle satisfied the P8.1.2 core completion contract.,False,False,False,False,True
madra,MADRA_OPEN_P8_multi3,full_success,NO_FAILURE,The bundle satisfied the P8.1.2 core completion contract.,False,False,False,False,True
madra,MADRA_OPEN_P9_single,p4_builder_contract_failed,ARTIFACT_MISSING,The method bundle did not pass deterministic P8.1.1 validation.,False,False,False,False,True
madra,MADRA_OPEN_P9_multi3,full_success,NO_FAILURE,The bundle satisfied the P8.1.2 core completion contract.,False,False,False,False,True
madra,MADRA_OPEN_P10_single,full_success,NO_FAILURE,The bundle satisfied the P8.1.2 core completion contract.,False,False,False,False,True
madra,MADRA_OPEN_P10_multi3,full_success,NO_FAILURE,The bundle satisfied the P8.1.2 core completion contract.,False,False,False,False,True
