benchmark_family,sample_label,llm_call_count,input_tokens,output_tokens,total_tokens,modeling_time_seconds,solver_wall_time_seconds,total_wall_time_seconds,repair_round_count,solver_status
swta,MultiSWTA1_Type0_NT100_NS10_NC9_NV10_NW9_O2,4,122856,25026,147882,312.99,0.068,313.813,0,solved
swta,MultiSWTA1_Type0_NT100_NS10_NC9_NV10_NW9_O3,7,198414,44323,242737,491.417,0.069,492.4,1,solved
swta,MultiSWTA1_Type0_NT100_NS10_NC9_NV10_NW9_O4,4,132623,28697,161320,372.362,0.053,373.066,0,solved
swta,MultiSWTA1_Type0_NT100_NS6_NC6_NV6_NW6_O2,4,121914,31414,153328,404.624,0.02,404.85,0,solved
swta,MultiSWTA1_Type0_NT100_NS6_NC6_NV6_NW6_O3,5,126386,33111,159497,433.681,0.02,433.911,0,solved
swta,MultiSWTA1_Type0_NT100_NS6_NC6_NV6_NW6_O4,7,206370,38674,245044,451.834,0.021,452.067,1,solved
swta,MultiSWTA1_Type0_NT200_NS12_NC6_NV12_NW6_O2,4,123541,24509,148050,296.448,0.115,298.754,0,solved
swta,MultiSWTA1_Type0_NT200_NS12_NC6_NV12_NW6_O3,5,129587,24680,154267,351.732,0.12,354.286,0,solved
swta,MultiSWTA1_Type0_NT200_NS12_NC6_NV12_NW6_O4,4,132929,33137,166066,436.82,0.099,439.066,0,solved
swta,MultiSWTA1_Type0_NT200_NS15_NC12_NV15_NW12_O2,8,210547,42930,253477,370.347,0.198,374.433,0,solved
swta,MultiSWTA1_Type0_NT200_NS15_NC12_NV15_NW12_O3,5,129704,28921,158625,429.877,0.171,433.426,0,solved
swta,MultiSWTA1_Type0_NT200_NS15_NC12_NV15_NW12_O4,4,131321,31794,163115,375.287,0.222,379.678,0,solved
swta,MultiSWTA1_Type0_NT50_NS5_NC2_NV5_NW2_O2,4,123040,26755,149795,273.435,0.01,273.512,0,solved
swta,MultiSWTA1_Type0_NT50_NS5_NC2_NV5_NW2_O3,5,126727,32249,158976,348.509,0.007,348.586,0,solved
swta,MultiSWTA1_Type0_NT50_NS5_NC2_NV5_NW2_O4,5,130251,27358,157609,364.081,0.006,364.152,0,solved
swta,MultiSWTA1_Type0_NT50_NS8_NC6_NV8_NW6_O2,4,125858,32027,157885,351.272,0.017,351.524,0,solved
swta,MultiSWTA1_Type0_NT50_NS8_NC6_NV8_NW6_O3,4,129533,24426,153959,315.879,0.013,316.066,0,solved
swta,MultiSWTA1_Type0_NT50_NS8_NC6_NV8_NW6_O4,5,125987,25689,151676,364.323,0,364.323,1,unavailable
swta,MultiSWTA2_Type0_NT100_NS10_NC9_NV10_NW9_O2,4,124376,37086,161462,448.305,0.038,448.981,0,solved
swta,MultiSWTA2_Type0_NT100_NS10_NC9_NV10_NW9_O3,4,128711,31302,160013,379.59,0.041,380.302,0,solved
swta,MultiSWTA2_Type0_NT100_NS10_NC9_NV10_NW9_O4,4,133595,31817,165412,374.691,0.04,375.381,0,solved
swta,MultiSWTA2_Type0_NT100_NS6_NC6_NV6_NW6_O2,4,121891,21958,143849,262.904,0.019,263.121,0,solved
swta,MultiSWTA2_Type0_NT100_NS6_NC6_NV6_NW6_O3,5,130224,32383,162607,526.441,0.02,526.663,0,solved
swta,MultiSWTA2_Type0_NT100_NS6_NC6_NV6_NW6_O4,6,169940,37578,207518,388.99,0.019,389.212,1,solved
swta,MultiSWTA2_Type0_NT200_NS12_NC6_NV12_NW6_O2,8,185434,30425,215859,368.4,0.112,370.576,1,solved
swta,MultiSWTA2_Type0_NT200_NS12_NC6_NV12_NW6_O3,4,129661,27087,156748,315.01,0.116,317.205,0,solved
swta,MultiSWTA2_Type0_NT200_NS12_NC6_NV12_NW6_O4,4,132485,31777,164262,372.146,0.12,374.312,0,solved
swta,MultiSWTA2_Type0_NT200_NS15_NC12_NV15_NW12_O2,4,124621,30275,154896,361.794,0.161,365.431,0,solved
swta,MultiSWTA2_Type0_NT200_NS15_NC12_NV15_NW12_O3,4,129897,32341,162238,429.918,0.148,433.362,0,solved
swta,MultiSWTA2_Type0_NT200_NS15_NC12_NV15_NW12_O4,4,132708,31194,163902,403.939,0.147,407.372,0,solved
swta,MultiSWTA2_Type0_NT50_NS5_NC2_NV5_NW2_O2,4,120926,28847,149773,347.162,0.007,347.237,0,solved
swta,MultiSWTA2_Type0_NT50_NS5_NC2_NV5_NW2_O3,4,125887,25405,151292,320.778,0.006,320.859,0,solved
swta,MultiSWTA2_Type0_NT50_NS5_NC2_NV5_NW2_O4,4,131373,33263,164636,419.754,0.007,419.833,0,solved
swta,MultiSWTA2_Type0_NT50_NS8_NC6_NV8_NW6_O2,4,123504,26336,149840,324.285,0.017,324.545,0,solved
swta,MultiSWTA2_Type0_NT50_NS8_NC6_NV8_NW6_O3,4,127387,36153,163540,381.612,0.018,381.83,0,solved
swta,MultiSWTA2_Type0_NT50_NS8_NC6_NV8_NW6_O4,4,132626,34287,166913,388.516,0.016,388.72,0,solved
swta,MultiSWTA2_Type1_NT100_NS10_NC9_NV10_NW9_O2,4,123768,26141,149909,283.388,0.054,284.058,0,solved
swta,MultiSWTA2_Type1_NT100_NS10_NC9_NV10_NW9_O3,10,270887,63197,334084,725.538,0.053,726.222,2,solved
swta,MultiSWTA2_Type1_NT100_NS10_NC9_NV10_NW9_O4,7,205383,37122,242505,429.629,0.056,430.327,1,solved
swta,MultiSWTA2_Type1_NT100_NS6_NC6_NV6_NW6_O2,4,122134,23538,145672,258.782,0.053,259.093,0,solved
swta,MultiSWTA2_Type1_NT100_NS6_NC6_NV6_NW6_O3,4,126425,34033,160458,378.236,0.019,378.45,0,solved
swta,MultiSWTA2_Type1_NT100_NS6_NC6_NV6_NW6_O4,4,129479,27077,156556,327.166,0.019,327.384,0,solved
swta,MultiSWTA2_Type1_NT200_NS12_NC6_NV12_NW6_O2,4,125121,27151,152272,339.156,0.135,341.547,0,solved
swta,MultiSWTA2_Type1_NT200_NS12_NC6_NV12_NW6_O3,4,129542,31712,161254,351.392,0.138,353.802,0,solved
swta,MultiSWTA2_Type1_NT200_NS12_NC6_NV12_NW6_O4,4,135734,35102,170836,446.25,0.129,448.667,0,solved
swta,MultiSWTA2_Type1_NT200_NS15_NC12_NV15_NW12_O2,4,125203,27885,153088,395.949,0.229,399.907,0,solved
swta,MultiSWTA2_Type1_NT200_NS15_NC12_NV15_NW12_O3,4,128621,35251,163872,448.975,0.235,452.933,0,solved
swta,MultiSWTA2_Type1_NT200_NS15_NC12_NV15_NW12_O4,4,133031,28115,161146,362.262,0.229,366.022,0,solved
swta,MultiSWTA2_Type1_NT50_NS5_NC2_NV5_NW2_O2,4,122294,27281,149575,316.536,0.007,316.612,0,solved
swta,MultiSWTA2_Type1_NT50_NS5_NC2_NV5_NW2_O3,4,125679,32353,158032,354.443,0.009,354.53,0,solved
swta,MultiSWTA2_Type1_NT50_NS5_NC2_NV5_NW2_O4,4,129731,35588,165319,377.856,0.011,377.949,0,solved
swta,MultiSWTA2_Type1_NT50_NS8_NC6_NV8_NW6_O2,5,125764,26299,152063,310.939,0.017,311.14,0,solved
swta,MultiSWTA2_Type1_NT50_NS8_NC6_NV8_NW6_O3,4,127686,29236,156922,324.42,0.016,324.627,0,solved
swta,MultiSWTA2_Type1_NT50_NS8_NC6_NV8_NW6_O4,6,170130,37229,207359,423.81,0.014,424.018,1,solved
swta,MultiSWTA3_Type0_NT100_NS10_NC9_NV10_NW9_O2,5,124251,28924,153175,384.413,0.003,384.506,0,solved
swta,MultiSWTA3_Type0_NT100_NS10_NC9_NV10_NW9_O3,5,132072,31358,163430,592.718,0.003,592.799,0,solved
swta,MultiSWTA3_Type0_NT100_NS10_NC9_NV10_NW9_O4,4,134110,28702,162812,366.855,0.003,366.931,0,solved
swta,MultiSWTA3_Type0_NT100_NS6_NC6_NV6_NW6_O2,5,122428,32973,155401,414.152,0.004,414.211,0,solved
swta,MultiSWTA3_Type0_NT100_NS6_NC6_NV6_NW6_O3,4,128497,31445,159942,385.519,0.003,385.573,0,solved
swta,MultiSWTA3_Type0_NT100_NS6_NC6_NV6_NW6_O4,4,130439,27066,157505,352.787,0.004,352.847,0,solved
swta,MultiSWTA3_Type0_NT200_NS12_NC6_NV12_NW6_O2,11,255477,49385,304862,686.576,0.039,686.864,2,solved
swta,MultiSWTA3_Type0_NT200_NS12_NC6_NV12_NW6_O3,4,130528,28959,159487,362.701,0.041,362.994,0,solved
swta,MultiSWTA3_Type0_NT200_NS12_NC6_NV12_NW6_O4,4,134456,25218,159674,317.61,0.069,317.951,0,solved
swta,MultiSWTA3_Type0_NT200_NS15_NC12_NV15_NW12_O2,4,125353,33076,158429,436.956,0.028,437.227,0,solved
swta,MultiSWTA3_Type0_NT200_NS15_NC12_NV15_NW12_O3,7,199309,38680,237989,434.967,0.014,435.234,1,solved
swta,MultiSWTA3_Type0_NT200_NS15_NC12_NV15_NW12_O4,6,134022,31865,165887,602.843,0.012,603.099,0,solved
swta,MultiSWTA3_Type0_NT50_NS5_NC2_NV5_NW2_O2,4,123082,26171,149253,329.941,0.002,329.966,0,solved
swta,MultiSWTA3_Type0_NT50_NS5_NC2_NV5_NW2_O3,5,126266,29547,155813,562.585,0.001,562.615,0,solved
swta,MultiSWTA3_Type0_NT50_NS5_NC2_NV5_NW2_O4,7,204879,40051,244930,421.225,0.001,421.247,1,solved
swta,MultiSWTA3_Type0_NT50_NS8_NC6_NV8_NW6_O2,4,123590,33416,157006,427.445,0.002,427.467,0,solved
swta,MultiSWTA3_Type0_NT50_NS8_NC6_NV8_NW6_O3,10,264975,58996,323971,752.838,0.001,752.861,2,solved
swta,MultiSWTA3_Type0_NT50_NS8_NC6_NV8_NW6_O4,7,208777,34421,243198,388.08,0.002,388.097,1,solved
swta,MultiSWTA3_Type1_NT100_NS10_NC9_NV10_NW9_O2,5,125429,30419,155848,403.762,0.042,404.044,0,solved
swta,MultiSWTA3_Type1_NT100_NS10_NC9_NV10_NW9_O3,4,130034,27778,157812,346.418,0.018,346.647,0,solved
swta,MultiSWTA3_Type1_NT100_NS10_NC9_NV10_NW9_O4,4,132831,29501,162332,369.687,0.019,369.936,0,solved
swta,MultiSWTA3_Type1_NT100_NS6_NC6_NV6_NW6_O2,4,123174,29962,153136,373.287,0.023,373.347,0,solved
swta,MultiSWTA3_Type1_NT100_NS6_NC6_NV6_NW6_O3,4,128453,31102,159555,386.301,0.003,386.334,0,solved
swta,MultiSWTA3_Type1_NT100_NS6_NC6_NV6_NW6_O4,7,199732,37278,237010,482.389,0.003,482.422,1,solved
swta,MultiSWTA3_Type1_NT200_NS12_NC6_NV12_NW6_O2,5,126328,29904,156232,380.409,0.045,381.368,0,solved
swta,MultiSWTA3_Type1_NT200_NS12_NC6_NV12_NW6_O3,7,197973,36049,234022,435.088,0.046,435.983,1,solved
swta,MultiSWTA3_Type1_NT200_NS12_NC6_NV12_NW6_O4,7,135817,27076,162893,567.794,0.041,568.662,0,solved
swta,MultiSWTA3_Type1_NT200_NS15_NC12_NV15_NW12_O2,7,245690,47331,293021,344.557,0.101,345.798,0,solved
swta,MultiSWTA3_Type1_NT200_NS15_NC12_NV15_NW12_O3,8,197581,50379,247960,690.595,0.37,695.06,1,solved
swta,MultiSWTA3_Type1_NT200_NS15_NC12_NV15_NW12_O4,4,134170,30598,164768,450.131,0.106,451.456,0,solved
swta,MultiSWTA3_Type1_NT50_NS5_NC2_NV5_NW2_O2,5,119998,27471,147469,324.716,0.003,324.749,0,solved
swta,MultiSWTA3_Type1_NT50_NS5_NC2_NV5_NW2_O3,5,127807,34985,162792,393.291,0.009,393.455,0,solved
swta,MultiSWTA3_Type1_NT50_NS5_NC2_NV5_NW2_O4,4,132101,28165,160266,309.808,0.008,309.96,0,solved
swta,MultiSWTA3_Type1_NT50_NS8_NC6_NV8_NW6_O2,5,125541,35034,160575,693.382,0.004,693.437,0,solved
swta,MultiSWTA3_Type1_NT50_NS8_NC6_NV8_NW6_O3,5,129213,24911,154124,679.09,0.005,679.147,0,solved
swta,MultiSWTA3_Type1_NT50_NS8_NC6_NV8_NW6_O4,4,135551,29034,164585,442.967,0.004,443.027,0,solved
swta,MultiSWTA4_Type0_NT100_NS10_NC9_NV10_NW9_O2,4,125029,28191,153220,342.606,0.016,342.878,0,solved
swta,MultiSWTA4_Type0_NT100_NS10_NC9_NV10_NW9_O3,4,130935,29363,160298,371.985,0.013,372.224,0,solved
swta,MultiSWTA4_Type0_NT100_NS10_NC9_NV10_NW9_O4,6,193790,40176,233966,537.619,0.014,537.871,1,solved
swta,MultiSWTA4_Type0_NT100_NS6_NC6_NV6_NW6_O2,4,122408,25601,148009,286.054,0.005,286.131,0,solved
swta,MultiSWTA4_Type0_NT100_NS6_NC6_NV6_NW6_O3,4,126594,25500,152094,368.385,0.005,368.467,0,solved
swta,MultiSWTA4_Type0_NT100_NS6_NC6_NV6_NW6_O4,4,131711,29957,161668,368.587,0.004,368.67,0,solved
swta,MultiSWTA4_Type0_NT200_NS12_NC6_NV12_NW6_O2,4,125415,31986,157401,388.324,0.066,389.486,0,solved
swta,MultiSWTA4_Type0_NT200_NS12_NC6_NV12_NW6_O3,9,255692,42361,298053,531.728,0.062,532.799,2,solved
swta,MultiSWTA4_Type0_NT200_NS12_NC6_NV12_NW6_O4,5,134938,28599,163537,541.461,0.066,542.575,0,solved
swta,MultiSWTA4_Type0_NT200_NS15_NC12_NV15_NW12_O2,7,192442,29704,222146,386.503,0.104,388.693,1,solved
swta,MultiSWTA4_Type0_NT200_NS15_NC12_NV15_NW12_O3,6,162236,32498,194734,421.99,0.114,424.34,1,solved
swta,MultiSWTA4_Type0_NT200_NS15_NC12_NV15_NW12_O4,4,133492,30136,163628,391.359,0.134,393.625,0,solved
swta,MultiSWTA4_Type0_NT50_NS5_NC2_NV5_NW2_O2,4,121582,24414,145996,298.286,0.004,298.325,0,solved
swta,MultiSWTA4_Type0_NT50_NS5_NC2_NV5_NW2_O3,4,131103,30675,161778,376.191,0.003,376.232,0,solved
swta,MultiSWTA4_Type0_NT50_NS5_NC2_NV5_NW2_O4,6,129242,33019,162261,451.472,0.004,451.512,0,solved
swta,MultiSWTA4_Type0_NT50_NS8_NC6_NV8_NW6_O2,7,195072,40652,235724,503.662,0.032,504.256,1,solved
swta,MultiSWTA4_Type0_NT50_NS8_NC6_NV8_NW6_O3,5,130664,27745,158409,361.908,0.007,362.018,0,solved
swta,MultiSWTA4_Type0_NT50_NS8_NC6_NV8_NW6_O4,4,134689,30310,164999,359.672,0.007,359.774,0,solved
swta,MultiSWTA4_Type1_NT100_NS10_NC9_NV10_NW9_O2,4,124140,22732,146872,257.712,0.025,258.067,0,solved
swta,MultiSWTA4_Type1_NT100_NS10_NC9_NV10_NW9_O3,4,129837,25173,155010,285.949,0.025,286.277,0,solved
swta,MultiSWTA4_Type1_NT100_NS10_NC9_NV10_NW9_O4,4,134638,33864,168502,368.589,0.021,368.921,0,solved
swta,MultiSWTA4_Type1_NT100_NS6_NC6_NV6_NW6_O2,4,123019,34171,157190,370.409,0.024,370.9,0,solved
swta,MultiSWTA4_Type1_NT100_NS6_NC6_NV6_NW6_O3,9,259113,60849,319962,654.349,0,654.349,3,unavailable
swta,MultiSWTA4_Type1_NT100_NS6_NC6_NV6_NW6_O4,4,130473,25755,156228,283.737,0.006,283.83,0,solved
swta,MultiSWTA4_Type1_NT200_NS12_NC6_NV12_NW6_O2,7,193060,42948,236008,448.62,0.404,453.931,1,solved
swta,MultiSWTA4_Type1_NT200_NS12_NC6_NV12_NW6_O3,4,128646,36063,164709,382.839,0.445,388.413,0,solved
swta,MultiSWTA4_Type1_NT200_NS12_NC6_NV12_NW6_O4,6,136831,28675,165506,622.023,0.129,623.703,0,solved
swta,MultiSWTA4_Type1_NT200_NS15_NC12_NV15_NW12_O2,5,126572,30284,156856,563.911,0.147,566.162,0,solved
swta,MultiSWTA4_Type1_NT200_NS15_NC12_NV15_NW12_O3,4,131282,28727,160009,325.481,0.129,327.862,0,solved
swta,MultiSWTA4_Type1_NT200_NS15_NC12_NV15_NW12_O4,8,205374,37727,243101,457.817,0.126,460.142,1,solved
swta,MultiSWTA4_Type1_NT50_NS5_NC2_NV5_NW2_O2,4,122829,26454,149283,286.859,0.005,286.907,0,solved
swta,MultiSWTA4_Type1_NT50_NS5_NC2_NV5_NW2_O3,4,127542,23902,151444,257.064,0.005,257.112,0,solved
swta,MultiSWTA4_Type1_NT50_NS5_NC2_NV5_NW2_O4,4,130929,31033,161962,425.644,0.006,425.702,0,solved
swta,MultiSWTA4_Type1_NT50_NS8_NC6_NV8_NW6_O2,4,124988,23908,148896,237.584,0.009,237.704,0,solved
swta,MultiSWTA4_Type1_NT50_NS8_NC6_NV8_NW6_O3,4,131895,29500,161395,323.571,0.009,323.676,0,solved
swta,MultiSWTA4_Type1_NT50_NS8_NC6_NV8_NW6_O4,6,172609,35376,207985,353.839,0.009,353.96,1,solved
swta,MultiSWTA5_Type0_NT100_NS10_NC9_NV10_NW9_O2,4,127605,34492,162097,357.714,0.003,357.752,0,solved
swta,MultiSWTA5_Type0_NT100_NS10_NC9_NV10_NW9_O3,4,131519,32221,163740,335.562,0.002,335.607,0,solved
swta,MultiSWTA5_Type0_NT100_NS10_NC9_NV10_NW9_O4,4,133310,26732,160042,271.36,0.004,271.401,0,solved
swta,MultiSWTA5_Type0_NT100_NS6_NC6_NV6_NW6_O2,4,125876,34171,160047,336.226,0.002,336.242,0,solved
swta,MultiSWTA5_Type0_NT100_NS6_NC6_NV6_NW6_O3,5,132468,39438,171906,539.263,0.002,539.279,0,solved
swta,MultiSWTA5_Type0_NT100_NS6_NC6_NV6_NW6_O4,4,131972,23915,155887,282.375,0.003,282.392,0,solved
swta,MultiSWTA5_Type0_NT200_NS12_NC6_NV12_NW6_O2,4,125605,25859,151464,275.856,0.005,275.967,0,solved
swta,MultiSWTA5_Type0_NT200_NS12_NC6_NV12_NW6_O3,7,204164,39330,243494,424.67,0,424.67,2,unavailable
swta,MultiSWTA5_Type0_NT200_NS12_NC6_NV12_NW6_O4,5,135980,26123,162103,319.07,0.017,319.609,0,solved
swta,MultiSWTA5_Type0_NT200_NS15_NC12_NV15_NW12_O2,4,126186,30672,156858,342.84,0.008,342.937,0,solved
swta,MultiSWTA5_Type0_NT200_NS15_NC12_NV15_NW12_O3,4,130560,28288,158848,304.796,0.006,304.89,0,solved
swta,MultiSWTA5_Type0_NT200_NS15_NC12_NV15_NW12_O4,7,207968,37952,245920,404.384,0.005,404.481,1,solved
swta,MultiSWTA5_Type0_NT50_NS5_NC2_NV5_NW2_O2,4,124716,26329,151045,272.853,0.001,272.867,0,solved
swta,MultiSWTA5_Type0_NT50_NS5_NC2_NV5_NW2_O3,4,128033,27986,156019,288.301,0.001,288.317,0,solved
swta,MultiSWTA5_Type0_NT50_NS5_NC2_NV5_NW2_O4,5,132568,26237,158805,462.817,0.001,462.833,0,solved
swta,MultiSWTA5_Type0_NT50_NS8_NC6_NV8_NW6_O2,13,332106,71120,403226,901.407,0.002,901.431,3,solved
swta,MultiSWTA5_Type0_NT50_NS8_NC6_NV8_NW6_O3,4,131151,30864,162015,374.028,0.001,374.05,0,solved
swta,MultiSWTA5_Type0_NT50_NS8_NC6_NV8_NW6_O4,4,133700,29418,163118,362.909,0.002,362.932,0,solved
swta,MultiSWTA5_Type1_NT100_NS10_NC9_NV10_NW9_O2,4,127853,27461,155314,314.312,0.008,314.451,0,solved
swta,MultiSWTA5_Type1_NT100_NS10_NC9_NV10_NW9_O3,4,132194,31749,163943,378.128,0.009,378.269,0,solved
swta,MultiSWTA5_Type1_NT100_NS10_NC9_NV10_NW9_O4,4,132496,27073,159569,320.837,0.008,320.978,0,solved
swta,MultiSWTA5_Type1_NT100_NS6_NC6_NV6_NW6_O2,4,124012,29115,153127,332.37,0.002,332.387,0,solved
swta,MultiSWTA5_Type1_NT100_NS6_NC6_NV6_NW6_O3,6,161025,40648,201673,462.264,0.003,462.281,1,solved
swta,MultiSWTA5_Type1_NT100_NS6_NC6_NV6_NW6_O4,6,168730,36533,205263,383.065,0.002,383.082,1,solved
swta,MultiSWTA5_Type1_NT200_NS12_NC6_NV12_NW6_O2,4,126996,25915,152911,276.458,0.027,276.928,0,solved
swta,MultiSWTA5_Type1_NT200_NS12_NC6_NV12_NW6_O3,4,129635,28213,157848,316.339,0.027,316.81,0,solved
swta,MultiSWTA5_Type1_NT200_NS12_NC6_NV12_NW6_O4,4,136088,27161,163249,287.996,0.028,288.43,0,solved
swta,MultiSWTA5_Type1_NT200_NS15_NC12_NV15_NW12_O2,6,126284,31363,157647,369.78,0.036,370.503,0,solved
swta,MultiSWTA5_Type1_NT200_NS15_NC12_NV15_NW12_O3,5,130877,29667,160544,451.57,0.038,452.303,0,solved
swta,MultiSWTA5_Type1_NT200_NS15_NC12_NV15_NW12_O4,4,136642,36826,173468,387.933,0.04,388.682,0,solved
swta,MultiSWTA5_Type1_NT50_NS5_NC2_NV5_NW2_O2,4,124605,31013,155618,334.863,0.002,334.88,0,solved
swta,MultiSWTA5_Type1_NT50_NS5_NC2_NV5_NW2_O3,4,126863,32460,159323,389.728,0.003,389.746,0,solved
swta,MultiSWTA5_Type1_NT50_NS5_NC2_NV5_NW2_O4,4,132395,32186,164581,339.673,0.003,339.69,0,solved
swta,MultiSWTA5_Type1_NT50_NS8_NC6_NV8_NW6_O2,4,125013,27912,152925,332.978,0.003,333.007,0,solved
swta,MultiSWTA5_Type1_NT50_NS8_NC6_NV8_NW6_O3,6,164357,37626,201983,472.16,0.003,472.191,1,solved
swta,MultiSWTA5_Type1_NT50_NS8_NC6_NV8_NW6_O4,4,134897,22118,157015,294.076,0.003,294.104,0,solved
madra,MADRA_OPEN_P1_single,4,90143,25406,115549,312.87,0,312.878,0,solved
madra,MADRA_OPEN_P1_multi3,8,153636,67940,221576,415.457,0.001,415.466,0,solved
madra,MADRA_OPEN_P2_single,4,89932,22123,112055,233.381,0.003,233.399,0,solved
madra,MADRA_OPEN_P2_multi3,8,154054,47314,201368,278.744,0.001,278.761,0,solved
madra,MADRA_OPEN_P3_single,4,90834,25692,116526,264.226,0.003,264.243,0,solved
madra,MADRA_OPEN_P3_multi3,4,89583,25176,114759,313.887,0.001,313.906,0,solved
madra,MADRA_OPEN_P4_single,4,91250,21388,112638,258.737,0.001,258.76,0,solved
madra,MADRA_OPEN_P4_multi3,7,140602,42881,183483,541.861,0.004,541.887,1,solved
madra,MADRA_OPEN_P5_single,4,92213,25980,118193,284.107,0,284.107,1,unavailable
madra,MADRA_OPEN_P5_multi3,7,138175,38467,176642,432.251,0.003,432.317,1,solved
madra,MADRA_OPEN_P6_single,4,90672,27561,118233,288.588,0,288.588,1,unavailable
madra,MADRA_OPEN_P6_multi3,4,91735,29928,121663,306.227,0.002,306.292,0,solved
madra,MADRA_OPEN_P7_single,5,91472,25957,117429,507.116,0,507.116,1,unavailable
madra,MADRA_OPEN_P7_multi3,8,140791,37810,178601,699.777,0.008,699.977,1,solved
madra,MADRA_OPEN_P8_single,4,91018,27278,118296,374.762,0.007,374.986,0,solved
madra,MADRA_OPEN_P8_multi3,5,92504,33253,125757,631.645,0.007,631.87,0,solved
madra,MADRA_OPEN_P9_single,5,93546,28425,121971,549.626,0,549.626,1,unavailable
madra,MADRA_OPEN_P9_multi3,5,92628,33944,126572,531.772,0.037,533.253,0,solved
madra,MADRA_OPEN_P10_single,12,250265,86584,336849,567.203,0.126,573.261,1,solved
madra,MADRA_OPEN_P10_multi3,4,93639,30236,123875,344.74,0.212,356.792,0,solved
