benchmark_family,sample_label,scale_tag,mop_id,full_success,build_success,solver_success,public_feasibility,objective_contract_consistency,repair_round_count,external_domain_score,result_status,failure_type
swta,MultiSWTA1_Type0_NT100_NS10_NC9_NV10_NW9_O2,NT100_NS10_NC9_NV10_NW9,MOP1,True,True,True,True,passed,0,0.781389836769,full_success,NO_FAILURE
swta,MultiSWTA1_Type0_NT100_NS10_NC9_NV10_NW9_O3,NT100_NS10_NC9_NV10_NW9,MOP1,True,True,True,True,passed,1,0.781389836769,full_success,NO_FAILURE
swta,MultiSWTA1_Type0_NT100_NS10_NC9_NV10_NW9_O4,NT100_NS10_NC9_NV10_NW9,MOP1,True,True,True,True,passed,0,0.781389836769,full_success,NO_FAILURE
swta,MultiSWTA1_Type0_NT100_NS6_NC6_NV6_NW6_O2,NT100_NS6_NC6_NV6_NW6,MOP1,True,True,True,True,passed,0,0.735597309927,full_success,NO_FAILURE
swta,MultiSWTA1_Type0_NT100_NS6_NC6_NV6_NW6_O3,NT100_NS6_NC6_NV6_NW6,MOP1,True,True,True,True,passed,0,0.735597309927,full_success,NO_FAILURE
swta,MultiSWTA1_Type0_NT100_NS6_NC6_NV6_NW6_O4,NT100_NS6_NC6_NV6_NW6,MOP1,True,True,True,True,passed,1,0.735597309927,full_success,NO_FAILURE
swta,MultiSWTA1_Type0_NT200_NS12_NC6_NV12_NW6_O2,NT200_NS12_NC6_NV12_NW6,MOP1,True,True,True,True,passed,0,0.736046945945,full_success,NO_FAILURE
swta,MultiSWTA1_Type0_NT200_NS12_NC6_NV12_NW6_O3,NT200_NS12_NC6_NV12_NW6,MOP1,True,True,True,True,passed,0,0.736046945945,full_success,NO_FAILURE
swta,MultiSWTA1_Type0_NT200_NS12_NC6_NV12_NW6_O4,NT200_NS12_NC6_NV12_NW6,MOP1,True,True,True,True,passed,0,0.736046945945,full_success,NO_FAILURE
swta,MultiSWTA1_Type0_NT200_NS15_NC12_NV15_NW12_O2,NT200_NS15_NC12_NV15_NW12,MOP1,True,True,True,True,passed,0,0.753301184324,full_success,NO_FAILURE
swta,MultiSWTA1_Type0_NT200_NS15_NC12_NV15_NW12_O3,NT200_NS15_NC12_NV15_NW12,MOP1,True,True,True,True,passed,0,0.753301184324,full_success,NO_FAILURE
swta,MultiSWTA1_Type0_NT200_NS15_NC12_NV15_NW12_O4,NT200_NS15_NC12_NV15_NW12,MOP1,True,True,True,True,passed,0,0.753301184324,full_success,NO_FAILURE
swta,MultiSWTA1_Type0_NT50_NS5_NC2_NV5_NW2_O2,NT50_NS5_NC2_NV5_NW2,MOP1,True,True,True,True,passed,0,0.779292000462,full_success,NO_FAILURE
swta,MultiSWTA1_Type0_NT50_NS5_NC2_NV5_NW2_O3,NT50_NS5_NC2_NV5_NW2,MOP1,True,True,True,True,passed,0,0.779292000462,full_success,NO_FAILURE
swta,MultiSWTA1_Type0_NT50_NS5_NC2_NV5_NW2_O4,NT50_NS5_NC2_NV5_NW2,MOP1,True,True,True,True,passed,0,0.779292000462,full_success,NO_FAILURE
swta,MultiSWTA1_Type0_NT50_NS8_NC6_NV8_NW6_O2,NT50_NS8_NC6_NV8_NW6,MOP1,True,True,True,True,passed,0,0.844707721057,full_success,NO_FAILURE
swta,MultiSWTA1_Type0_NT50_NS8_NC6_NV8_NW6_O3,NT50_NS8_NC6_NV8_NW6,MOP1,True,True,True,True,passed,0,0.844707721057,full_success,NO_FAILURE
swta,MultiSWTA1_Type0_NT50_NS8_NC6_NV8_NW6_O4,NT50_NS8_NC6_NV8_NW6,MOP1,False,False,False,False,failed,1,not_applicable,p4_builder_contract_failed,ARTIFACT_MISSING
swta,MultiSWTA2_Type0_NT100_NS10_NC9_NV10_NW9_O2,NT100_NS10_NC9_NV10_NW9,MOP2,True,True,True,True,passed,0,0.780313351053,full_success,NO_FAILURE
swta,MultiSWTA2_Type0_NT100_NS10_NC9_NV10_NW9_O3,NT100_NS10_NC9_NV10_NW9,MOP2,True,True,True,True,passed,0,0.780313351053,full_success,NO_FAILURE
swta,MultiSWTA2_Type0_NT100_NS10_NC9_NV10_NW9_O4,NT100_NS10_NC9_NV10_NW9,MOP2,True,True,True,True,passed,0,0.780313351053,full_success,NO_FAILURE
swta,MultiSWTA2_Type0_NT100_NS6_NC6_NV6_NW6_O2,NT100_NS6_NC6_NV6_NW6,MOP2,True,True,True,True,passed,0,0.735217549089,full_success,NO_FAILURE
swta,MultiSWTA2_Type0_NT100_NS6_NC6_NV6_NW6_O3,NT100_NS6_NC6_NV6_NW6,MOP2,True,True,True,True,passed,0,0.735217549089,full_success,NO_FAILURE
swta,MultiSWTA2_Type0_NT100_NS6_NC6_NV6_NW6_O4,NT100_NS6_NC6_NV6_NW6,MOP2,True,True,True,True,passed,1,0.735217549089,full_success,NO_FAILURE
swta,MultiSWTA2_Type0_NT200_NS12_NC6_NV12_NW6_O2,NT200_NS12_NC6_NV12_NW6,MOP2,True,True,True,True,passed,1,0.73591428651,full_success,NO_FAILURE
swta,MultiSWTA2_Type0_NT200_NS12_NC6_NV12_NW6_O3,NT200_NS12_NC6_NV12_NW6,MOP2,True,True,True,True,passed,0,0.73591428651,full_success,NO_FAILURE
swta,MultiSWTA2_Type0_NT200_NS12_NC6_NV12_NW6_O4,NT200_NS12_NC6_NV12_NW6,MOP2,True,True,True,True,passed,0,0.73591428651,full_success,NO_FAILURE
swta,MultiSWTA2_Type0_NT200_NS15_NC12_NV15_NW12_O2,NT200_NS15_NC12_NV15_NW12,MOP2,True,True,True,True,passed,0,0.755656775729,full_success,NO_FAILURE
swta,MultiSWTA2_Type0_NT200_NS15_NC12_NV15_NW12_O3,NT200_NS15_NC12_NV15_NW12,MOP2,True,True,True,True,passed,0,0.755656775729,full_success,NO_FAILURE
swta,MultiSWTA2_Type0_NT200_NS15_NC12_NV15_NW12_O4,NT200_NS15_NC12_NV15_NW12,MOP2,True,True,True,True,passed,0,0.755656775729,full_success,NO_FAILURE
swta,MultiSWTA2_Type0_NT50_NS5_NC2_NV5_NW2_O2,NT50_NS5_NC2_NV5_NW2,MOP2,True,True,True,True,passed,0,0.781147940041,full_success,NO_FAILURE
swta,MultiSWTA2_Type0_NT50_NS5_NC2_NV5_NW2_O3,NT50_NS5_NC2_NV5_NW2,MOP2,True,True,True,True,passed,0,0.781147940041,full_success,NO_FAILURE
swta,MultiSWTA2_Type0_NT50_NS5_NC2_NV5_NW2_O4,NT50_NS5_NC2_NV5_NW2,MOP2,True,True,True,True,passed,0,0.781147940041,full_success,NO_FAILURE
swta,MultiSWTA2_Type0_NT50_NS8_NC6_NV8_NW6_O2,NT50_NS8_NC6_NV8_NW6,MOP2,True,True,True,True,passed,0,0.851517653758,full_success,NO_FAILURE
swta,MultiSWTA2_Type0_NT50_NS8_NC6_NV8_NW6_O3,NT50_NS8_NC6_NV8_NW6,MOP2,True,True,True,True,passed,0,0.851517653758,full_success,NO_FAILURE
swta,MultiSWTA2_Type0_NT50_NS8_NC6_NV8_NW6_O4,NT50_NS8_NC6_NV8_NW6,MOP2,True,True,True,True,passed,0,0.851517653758,full_success,NO_FAILURE
swta,MultiSWTA2_Type1_NT100_NS10_NC9_NV10_NW9_O2,NT100_NS10_NC9_NV10_NW9,MOP2,True,True,True,True,passed,0,0.77823703293,full_success,NO_FAILURE
swta,MultiSWTA2_Type1_NT100_NS10_NC9_NV10_NW9_O3,NT100_NS10_NC9_NV10_NW9,MOP2,True,True,True,True,passed,2,0.77823703293,full_success,NO_FAILURE
swta,MultiSWTA2_Type1_NT100_NS10_NC9_NV10_NW9_O4,NT100_NS10_NC9_NV10_NW9,MOP2,True,True,True,True,passed,1,0.77823703293,full_success,NO_FAILURE
swta,MultiSWTA2_Type1_NT100_NS6_NC6_NV6_NW6_O2,NT100_NS6_NC6_NV6_NW6,MOP2,True,True,True,True,passed,0,0.735580928089,full_success,NO_FAILURE
swta,MultiSWTA2_Type1_NT100_NS6_NC6_NV6_NW6_O3,NT100_NS6_NC6_NV6_NW6,MOP2,True,True,True,True,passed,0,0.735580928089,full_success,NO_FAILURE
swta,MultiSWTA2_Type1_NT100_NS6_NC6_NV6_NW6_O4,NT100_NS6_NC6_NV6_NW6,MOP2,True,True,True,True,passed,0,0.735580928089,full_success,NO_FAILURE
swta,MultiSWTA2_Type1_NT200_NS12_NC6_NV12_NW6_O2,NT200_NS12_NC6_NV12_NW6,MOP2,True,True,True,True,passed,0,0.736141611843,full_success,NO_FAILURE
swta,MultiSWTA2_Type1_NT200_NS12_NC6_NV12_NW6_O3,NT200_NS12_NC6_NV12_NW6,MOP2,True,True,True,True,passed,0,0.736141611843,full_success,NO_FAILURE
swta,MultiSWTA2_Type1_NT200_NS12_NC6_NV12_NW6_O4,NT200_NS12_NC6_NV12_NW6,MOP2,True,True,True,True,passed,0,0.736141611843,full_success,NO_FAILURE
swta,MultiSWTA2_Type1_NT200_NS15_NC12_NV15_NW12_O2,NT200_NS15_NC12_NV15_NW12,MOP2,True,True,True,True,passed,0,0.752738361873,full_success,NO_FAILURE
swta,MultiSWTA2_Type1_NT200_NS15_NC12_NV15_NW12_O3,NT200_NS15_NC12_NV15_NW12,MOP2,True,True,True,True,passed,0,0.752738361873,full_success,NO_FAILURE
swta,MultiSWTA2_Type1_NT200_NS15_NC12_NV15_NW12_O4,NT200_NS15_NC12_NV15_NW12,MOP2,True,True,True,True,passed,0,0.752738361873,full_success,NO_FAILURE
swta,MultiSWTA2_Type1_NT50_NS5_NC2_NV5_NW2_O2,NT50_NS5_NC2_NV5_NW2,MOP2,True,True,True,True,passed,0,0.782887435071,full_success,NO_FAILURE
swta,MultiSWTA2_Type1_NT50_NS5_NC2_NV5_NW2_O3,NT50_NS5_NC2_NV5_NW2,MOP2,True,True,True,True,passed,0,0.782887435071,full_success,NO_FAILURE
swta,MultiSWTA2_Type1_NT50_NS5_NC2_NV5_NW2_O4,NT50_NS5_NC2_NV5_NW2,MOP2,True,True,True,True,passed,0,0.782887435071,full_success,NO_FAILURE
swta,MultiSWTA2_Type1_NT50_NS8_NC6_NV8_NW6_O2,NT50_NS8_NC6_NV8_NW6,MOP2,True,True,True,True,passed,0,0.855232283292,full_success,NO_FAILURE
swta,MultiSWTA2_Type1_NT50_NS8_NC6_NV8_NW6_O3,NT50_NS8_NC6_NV8_NW6,MOP2,True,True,True,True,passed,0,0.855232283292,full_success,NO_FAILURE
swta,MultiSWTA2_Type1_NT50_NS8_NC6_NV8_NW6_O4,NT50_NS8_NC6_NV8_NW6,MOP2,True,True,True,True,passed,1,0.855232283292,full_success,NO_FAILURE
swta,MultiSWTA3_Type0_NT100_NS10_NC9_NV10_NW9_O2,NT100_NS10_NC9_NV10_NW9,MOP3,True,True,True,True,passed,0,0.723317214511,full_success,NO_FAILURE
swta,MultiSWTA3_Type0_NT100_NS10_NC9_NV10_NW9_O3,NT100_NS10_NC9_NV10_NW9,MOP3,True,True,True,True,passed,0,0.723317214511,full_success,NO_FAILURE
swta,MultiSWTA3_Type0_NT100_NS10_NC9_NV10_NW9_O4,NT100_NS10_NC9_NV10_NW9,MOP3,True,True,True,True,passed,0,0.723317214511,full_success,NO_FAILURE
swta,MultiSWTA3_Type0_NT100_NS6_NC6_NV6_NW6_O2,NT100_NS6_NC6_NV6_NW6,MOP3,True,True,True,True,passed,0,0.720986112404,full_success,NO_FAILURE
swta,MultiSWTA3_Type0_NT100_NS6_NC6_NV6_NW6_O3,NT100_NS6_NC6_NV6_NW6,MOP3,True,True,True,True,passed,0,0.720986112404,full_success,NO_FAILURE
swta,MultiSWTA3_Type0_NT100_NS6_NC6_NV6_NW6_O4,NT100_NS6_NC6_NV6_NW6,MOP3,True,True,True,True,passed,0,0.720986112404,full_success,NO_FAILURE
swta,MultiSWTA3_Type0_NT200_NS12_NC6_NV12_NW6_O2,NT200_NS12_NC6_NV12_NW6,MOP3,True,True,True,True,passed,2,0.711693770017,full_success,NO_FAILURE
swta,MultiSWTA3_Type0_NT200_NS12_NC6_NV12_NW6_O3,NT200_NS12_NC6_NV12_NW6,MOP3,True,True,True,True,passed,0,0.711693770017,full_success,NO_FAILURE
swta,MultiSWTA3_Type0_NT200_NS12_NC6_NV12_NW6_O4,NT200_NS12_NC6_NV12_NW6,MOP3,True,True,True,True,passed,0,0.711693770017,full_success,NO_FAILURE
swta,MultiSWTA3_Type0_NT200_NS15_NC12_NV15_NW12_O2,NT200_NS15_NC12_NV15_NW12,MOP3,True,True,True,True,passed,0,0.707269890941,full_success,NO_FAILURE
swta,MultiSWTA3_Type0_NT200_NS15_NC12_NV15_NW12_O3,NT200_NS15_NC12_NV15_NW12,MOP3,True,True,True,True,passed,1,0.707269890941,full_success,NO_FAILURE
swta,MultiSWTA3_Type0_NT200_NS15_NC12_NV15_NW12_O4,NT200_NS15_NC12_NV15_NW12,MOP3,True,True,True,True,passed,0,0.707269890941,full_success,NO_FAILURE
swta,MultiSWTA3_Type0_NT50_NS5_NC2_NV5_NW2_O2,NT50_NS5_NC2_NV5_NW2,MOP3,True,True,True,True,passed,0,0.75449870708,full_success,NO_FAILURE
swta,MultiSWTA3_Type0_NT50_NS5_NC2_NV5_NW2_O3,NT50_NS5_NC2_NV5_NW2,MOP3,True,True,True,True,passed,0,0.75449870708,full_success,NO_FAILURE
swta,MultiSWTA3_Type0_NT50_NS5_NC2_NV5_NW2_O4,NT50_NS5_NC2_NV5_NW2,MOP3,True,True,True,True,passed,1,0.75449870708,full_success,NO_FAILURE
swta,MultiSWTA3_Type0_NT50_NS8_NC6_NV8_NW6_O2,NT50_NS8_NC6_NV8_NW6,MOP3,True,True,True,True,passed,0,0.723839898539,full_success,NO_FAILURE
swta,MultiSWTA3_Type0_NT50_NS8_NC6_NV8_NW6_O3,NT50_NS8_NC6_NV8_NW6,MOP3,True,True,True,True,passed,2,0.723839898539,full_success,NO_FAILURE
swta,MultiSWTA3_Type0_NT50_NS8_NC6_NV8_NW6_O4,NT50_NS8_NC6_NV8_NW6,MOP3,True,True,True,True,passed,1,0.723839898539,full_success,NO_FAILURE
swta,MultiSWTA3_Type1_NT100_NS10_NC9_NV10_NW9_O2,NT100_NS10_NC9_NV10_NW9,MOP3,True,True,True,True,passed,0,0.74883211933,full_success,NO_FAILURE
swta,MultiSWTA3_Type1_NT100_NS10_NC9_NV10_NW9_O3,NT100_NS10_NC9_NV10_NW9,MOP3,True,True,True,True,passed,0,0.74883211933,full_success,NO_FAILURE
swta,MultiSWTA3_Type1_NT100_NS10_NC9_NV10_NW9_O4,NT100_NS10_NC9_NV10_NW9,MOP3,True,True,True,True,passed,0,0.74883211933,full_success,NO_FAILURE
swta,MultiSWTA3_Type1_NT100_NS6_NC6_NV6_NW6_O2,NT100_NS6_NC6_NV6_NW6,MOP3,True,True,True,True,passed,0,0.710374684675,full_success,NO_FAILURE
swta,MultiSWTA3_Type1_NT100_NS6_NC6_NV6_NW6_O3,NT100_NS6_NC6_NV6_NW6,MOP3,True,True,True,True,passed,0,0.710374684675,full_success,NO_FAILURE
swta,MultiSWTA3_Type1_NT100_NS6_NC6_NV6_NW6_O4,NT100_NS6_NC6_NV6_NW6,MOP3,True,True,True,True,passed,1,0.710374684675,full_success,NO_FAILURE
swta,MultiSWTA3_Type1_NT200_NS12_NC6_NV12_NW6_O2,NT200_NS12_NC6_NV12_NW6,MOP3,True,True,True,True,passed,0,0.722997989252,full_success,NO_FAILURE
swta,MultiSWTA3_Type1_NT200_NS12_NC6_NV12_NW6_O3,NT200_NS12_NC6_NV12_NW6,MOP3,True,True,True,True,passed,1,0.722997989252,full_success,NO_FAILURE
swta,MultiSWTA3_Type1_NT200_NS12_NC6_NV12_NW6_O4,NT200_NS12_NC6_NV12_NW6,MOP3,True,True,True,True,passed,0,0.722997989252,full_success,NO_FAILURE
swta,MultiSWTA3_Type1_NT200_NS15_NC12_NV15_NW12_O2,NT200_NS15_NC12_NV15_NW12,MOP3,True,True,True,True,passed,0,0.734779163832,full_success,NO_FAILURE
swta,MultiSWTA3_Type1_NT200_NS15_NC12_NV15_NW12_O3,NT200_NS15_NC12_NV15_NW12,MOP3,True,True,True,True,passed,1,0.734779163832,full_success,NO_FAILURE
swta,MultiSWTA3_Type1_NT200_NS15_NC12_NV15_NW12_O4,NT200_NS15_NC12_NV15_NW12,MOP3,True,True,True,True,passed,0,0.734779163832,full_success,NO_FAILURE
swta,MultiSWTA3_Type1_NT50_NS5_NC2_NV5_NW2_O2,NT50_NS5_NC2_NV5_NW2,MOP3,True,True,True,True,passed,0,0.759213123646,full_success,NO_FAILURE
swta,MultiSWTA3_Type1_NT50_NS5_NC2_NV5_NW2_O3,NT50_NS5_NC2_NV5_NW2,MOP3,True,True,True,True,passed,0,0.759213123646,full_success,NO_FAILURE
swta,MultiSWTA3_Type1_NT50_NS5_NC2_NV5_NW2_O4,NT50_NS5_NC2_NV5_NW2,MOP3,True,True,True,True,passed,0,0.759213123646,full_success,NO_FAILURE
swta,MultiSWTA3_Type1_NT50_NS8_NC6_NV8_NW6_O2,NT50_NS8_NC6_NV8_NW6,MOP3,True,True,True,True,passed,0,0.798654483229,full_success,NO_FAILURE
swta,MultiSWTA3_Type1_NT50_NS8_NC6_NV8_NW6_O3,NT50_NS8_NC6_NV8_NW6,MOP3,True,True,True,True,passed,0,0.798654483229,full_success,NO_FAILURE
swta,MultiSWTA3_Type1_NT50_NS8_NC6_NV8_NW6_O4,NT50_NS8_NC6_NV8_NW6,MOP3,True,True,True,True,passed,0,0.798654483229,full_success,NO_FAILURE
swta,MultiSWTA4_Type0_NT100_NS10_NC9_NV10_NW9_O2,NT100_NS10_NC9_NV10_NW9,MOP4,True,True,True,True,passed,0,0.755792166352,full_success,NO_FAILURE
swta,MultiSWTA4_Type0_NT100_NS10_NC9_NV10_NW9_O3,NT100_NS10_NC9_NV10_NW9,MOP4,True,True,True,True,passed,0,0.755792166352,full_success,NO_FAILURE
swta,MultiSWTA4_Type0_NT100_NS10_NC9_NV10_NW9_O4,NT100_NS10_NC9_NV10_NW9,MOP4,True,True,True,True,passed,1,0.755792166352,full_success,NO_FAILURE
swta,MultiSWTA4_Type0_NT100_NS6_NC6_NV6_NW6_O2,NT100_NS6_NC6_NV6_NW6,MOP4,True,True,True,True,passed,0,0.712521713425,full_success,NO_FAILURE
swta,MultiSWTA4_Type0_NT100_NS6_NC6_NV6_NW6_O3,NT100_NS6_NC6_NV6_NW6,MOP4,True,True,True,True,passed,0,0.712521713425,full_success,NO_FAILURE
swta,MultiSWTA4_Type0_NT100_NS6_NC6_NV6_NW6_O4,NT100_NS6_NC6_NV6_NW6,MOP4,True,True,True,True,passed,0,0.712521713425,full_success,NO_FAILURE
swta,MultiSWTA4_Type0_NT200_NS12_NC6_NV12_NW6_O2,NT200_NS12_NC6_NV12_NW6,MOP4,True,True,True,True,passed,0,0.726521981098,full_success,NO_FAILURE
swta,MultiSWTA4_Type0_NT200_NS12_NC6_NV12_NW6_O3,NT200_NS12_NC6_NV12_NW6,MOP4,True,True,True,True,passed,2,0.726521981098,full_success,NO_FAILURE
swta,MultiSWTA4_Type0_NT200_NS12_NC6_NV12_NW6_O4,NT200_NS12_NC6_NV12_NW6,MOP4,True,True,True,True,passed,0,0.726521981098,full_success,NO_FAILURE
swta,MultiSWTA4_Type0_NT200_NS15_NC12_NV15_NW12_O2,NT200_NS15_NC12_NV15_NW12,MOP4,True,True,True,True,passed,1,0.734044740332,full_success,NO_FAILURE
swta,MultiSWTA4_Type0_NT200_NS15_NC12_NV15_NW12_O3,NT200_NS15_NC12_NV15_NW12,MOP4,True,True,True,True,passed,1,0.734044740332,full_success,NO_FAILURE
swta,MultiSWTA4_Type0_NT200_NS15_NC12_NV15_NW12_O4,NT200_NS15_NC12_NV15_NW12,MOP4,True,True,True,True,passed,0,0.734044740332,full_success,NO_FAILURE
swta,MultiSWTA4_Type0_NT50_NS5_NC2_NV5_NW2_O2,NT50_NS5_NC2_NV5_NW2,MOP4,True,True,True,True,passed,0,0.773032620765,full_success,NO_FAILURE
swta,MultiSWTA4_Type0_NT50_NS5_NC2_NV5_NW2_O3,NT50_NS5_NC2_NV5_NW2,MOP4,True,True,True,True,passed,0,0.773032620765,full_success,NO_FAILURE
swta,MultiSWTA4_Type0_NT50_NS5_NC2_NV5_NW2_O4,NT50_NS5_NC2_NV5_NW2,MOP4,True,True,True,True,passed,0,0.773032620765,full_success,NO_FAILURE
swta,MultiSWTA4_Type0_NT50_NS8_NC6_NV8_NW6_O2,NT50_NS8_NC6_NV8_NW6,MOP4,True,True,True,True,passed,1,0.767003833793,full_success,NO_FAILURE
swta,MultiSWTA4_Type0_NT50_NS8_NC6_NV8_NW6_O3,NT50_NS8_NC6_NV8_NW6,MOP4,True,True,True,True,passed,0,0.767003833793,full_success,NO_FAILURE
swta,MultiSWTA4_Type0_NT50_NS8_NC6_NV8_NW6_O4,NT50_NS8_NC6_NV8_NW6,MOP4,True,True,True,True,passed,0,0.767003833793,full_success,NO_FAILURE
swta,MultiSWTA4_Type1_NT100_NS10_NC9_NV10_NW9_O2,NT100_NS10_NC9_NV10_NW9,MOP4,True,True,True,True,passed,0,0.734918153547,full_success,NO_FAILURE
swta,MultiSWTA4_Type1_NT100_NS10_NC9_NV10_NW9_O3,NT100_NS10_NC9_NV10_NW9,MOP4,True,True,True,True,passed,0,0.734918153547,full_success,NO_FAILURE
swta,MultiSWTA4_Type1_NT100_NS10_NC9_NV10_NW9_O4,NT100_NS10_NC9_NV10_NW9,MOP4,True,True,True,True,passed,0,0.734918153547,full_success,NO_FAILURE
swta,MultiSWTA4_Type1_NT100_NS6_NC6_NV6_NW6_O2,NT100_NS6_NC6_NV6_NW6,MOP4,True,True,True,True,passed,0,0.701164402466,full_success,NO_FAILURE
swta,MultiSWTA4_Type1_NT100_NS6_NC6_NV6_NW6_O3,NT100_NS6_NC6_NV6_NW6,MOP4,False,False,False,False,failed,3,not_applicable,p4_semantic_failed,ARTIFACT_MISSING
swta,MultiSWTA4_Type1_NT100_NS6_NC6_NV6_NW6_O4,NT100_NS6_NC6_NV6_NW6,MOP4,True,True,True,True,passed,0,0.701164402466,full_success,NO_FAILURE
swta,MultiSWTA4_Type1_NT200_NS12_NC6_NV12_NW6_O2,NT200_NS12_NC6_NV12_NW6,MOP4,True,True,True,True,passed,1,0.721418708195,full_success,NO_FAILURE
swta,MultiSWTA4_Type1_NT200_NS12_NC6_NV12_NW6_O3,NT200_NS12_NC6_NV12_NW6,MOP4,True,True,True,True,passed,0,0.721418708195,full_success,NO_FAILURE
swta,MultiSWTA4_Type1_NT200_NS12_NC6_NV12_NW6_O4,NT200_NS12_NC6_NV12_NW6,MOP4,True,True,True,True,passed,0,0.721418708195,full_success,NO_FAILURE
swta,MultiSWTA4_Type1_NT200_NS15_NC12_NV15_NW12_O2,NT200_NS15_NC12_NV15_NW12,MOP4,True,True,True,True,passed,0,0.736752560134,full_success,NO_FAILURE
swta,MultiSWTA4_Type1_NT200_NS15_NC12_NV15_NW12_O3,NT200_NS15_NC12_NV15_NW12,MOP4,True,True,True,True,passed,0,0.736752560134,full_success,NO_FAILURE
swta,MultiSWTA4_Type1_NT200_NS15_NC12_NV15_NW12_O4,NT200_NS15_NC12_NV15_NW12,MOP4,True,True,True,True,passed,1,0.736752560134,full_success,NO_FAILURE
swta,MultiSWTA4_Type1_NT50_NS5_NC2_NV5_NW2_O2,NT50_NS5_NC2_NV5_NW2,MOP4,True,True,True,True,passed,0,0.740575499735,full_success,NO_FAILURE
swta,MultiSWTA4_Type1_NT50_NS5_NC2_NV5_NW2_O3,NT50_NS5_NC2_NV5_NW2,MOP4,True,True,True,True,passed,0,0.740575499735,full_success,NO_FAILURE
swta,MultiSWTA4_Type1_NT50_NS5_NC2_NV5_NW2_O4,NT50_NS5_NC2_NV5_NW2,MOP4,True,True,True,True,passed,0,0.740575499735,full_success,NO_FAILURE
swta,MultiSWTA4_Type1_NT50_NS8_NC6_NV8_NW6_O2,NT50_NS8_NC6_NV8_NW6,MOP4,True,True,True,True,passed,0,0.796499358782,full_success,NO_FAILURE
swta,MultiSWTA4_Type1_NT50_NS8_NC6_NV8_NW6_O3,NT50_NS8_NC6_NV8_NW6,MOP4,True,True,True,True,passed,0,0.796499358782,full_success,NO_FAILURE
swta,MultiSWTA4_Type1_NT50_NS8_NC6_NV8_NW6_O4,NT50_NS8_NC6_NV8_NW6,MOP4,True,True,True,True,passed,1,0.796499358782,full_success,NO_FAILURE
swta,MultiSWTA5_Type0_NT100_NS10_NC9_NV10_NW9_O2,NT100_NS10_NC9_NV10_NW9,MOP5,True,True,True,True,passed,0,0.703102697009,full_success,NO_FAILURE
swta,MultiSWTA5_Type0_NT100_NS10_NC9_NV10_NW9_O3,NT100_NS10_NC9_NV10_NW9,MOP5,True,True,True,True,passed,0,0.703102697009,full_success,NO_FAILURE
swta,MultiSWTA5_Type0_NT100_NS10_NC9_NV10_NW9_O4,NT100_NS10_NC9_NV10_NW9,MOP5,True,True,True,True,passed,0,0.703102697009,full_success,NO_FAILURE
swta,MultiSWTA5_Type0_NT100_NS6_NC6_NV6_NW6_O2,NT100_NS6_NC6_NV6_NW6,MOP5,True,True,True,True,passed,0,0.698060142303,full_success,NO_FAILURE
swta,MultiSWTA5_Type0_NT100_NS6_NC6_NV6_NW6_O3,NT100_NS6_NC6_NV6_NW6,MOP5,True,True,True,True,passed,0,0.698060142303,full_success,NO_FAILURE
swta,MultiSWTA5_Type0_NT100_NS6_NC6_NV6_NW6_O4,NT100_NS6_NC6_NV6_NW6,MOP5,True,True,True,True,passed,0,0.698060142303,full_success,NO_FAILURE
swta,MultiSWTA5_Type0_NT200_NS12_NC6_NV12_NW6_O2,NT200_NS12_NC6_NV12_NW6,MOP5,True,True,True,True,passed,0,0.690633390111,full_success,NO_FAILURE
swta,MultiSWTA5_Type0_NT200_NS12_NC6_NV12_NW6_O3,NT200_NS12_NC6_NV12_NW6,MOP5,False,False,False,False,failed,2,not_applicable,p4_builder_contract_failed,ARTIFACT_MISSING
swta,MultiSWTA5_Type0_NT200_NS12_NC6_NV12_NW6_O4,NT200_NS12_NC6_NV12_NW6,MOP5,True,True,True,True,passed,0,0.690633390111,full_success,NO_FAILURE
swta,MultiSWTA5_Type0_NT200_NS15_NC12_NV15_NW12_O2,NT200_NS15_NC12_NV15_NW12,MOP5,True,True,True,True,passed,0,0.692124006698,full_success,NO_FAILURE
swta,MultiSWTA5_Type0_NT200_NS15_NC12_NV15_NW12_O3,NT200_NS15_NC12_NV15_NW12,MOP5,True,True,True,True,passed,0,0.692124006698,full_success,NO_FAILURE
swta,MultiSWTA5_Type0_NT200_NS15_NC12_NV15_NW12_O4,NT200_NS15_NC12_NV15_NW12,MOP5,True,True,True,True,passed,1,0.692124006698,full_success,NO_FAILURE
swta,MultiSWTA5_Type0_NT50_NS5_NC2_NV5_NW2_O2,NT50_NS5_NC2_NV5_NW2,MOP5,True,True,True,True,passed,0,0.715275722553,full_success,NO_FAILURE
swta,MultiSWTA5_Type0_NT50_NS5_NC2_NV5_NW2_O3,NT50_NS5_NC2_NV5_NW2,MOP5,True,True,True,True,passed,0,0.715275722553,full_success,NO_FAILURE
swta,MultiSWTA5_Type0_NT50_NS5_NC2_NV5_NW2_O4,NT50_NS5_NC2_NV5_NW2,MOP5,True,True,True,True,passed,0,0.715275722553,full_success,NO_FAILURE
swta,MultiSWTA5_Type0_NT50_NS8_NC6_NV8_NW6_O2,NT50_NS8_NC6_NV8_NW6,MOP5,True,True,True,True,passed,3,0.71297400633,full_success,NO_FAILURE
swta,MultiSWTA5_Type0_NT50_NS8_NC6_NV8_NW6_O3,NT50_NS8_NC6_NV8_NW6,MOP5,True,True,True,True,passed,0,0.71297400633,full_success,NO_FAILURE
swta,MultiSWTA5_Type0_NT50_NS8_NC6_NV8_NW6_O4,NT50_NS8_NC6_NV8_NW6,MOP5,True,True,True,True,passed,0,0.71297400633,full_success,NO_FAILURE
swta,MultiSWTA5_Type1_NT100_NS10_NC9_NV10_NW9_O2,NT100_NS10_NC9_NV10_NW9,MOP5,True,True,True,True,passed,0,0.744064417623,full_success,NO_FAILURE
swta,MultiSWTA5_Type1_NT100_NS10_NC9_NV10_NW9_O3,NT100_NS10_NC9_NV10_NW9,MOP5,True,True,True,True,passed,0,0.744064417623,full_success,NO_FAILURE
swta,MultiSWTA5_Type1_NT100_NS10_NC9_NV10_NW9_O4,NT100_NS10_NC9_NV10_NW9,MOP5,True,True,True,True,passed,0,0.744064417623,full_success,NO_FAILURE
swta,MultiSWTA5_Type1_NT100_NS6_NC6_NV6_NW6_O2,NT100_NS6_NC6_NV6_NW6,MOP5,True,True,True,True,passed,0,0.699101577441,full_success,NO_FAILURE
swta,MultiSWTA5_Type1_NT100_NS6_NC6_NV6_NW6_O3,NT100_NS6_NC6_NV6_NW6,MOP5,True,True,True,True,passed,1,0.699101577441,full_success,NO_FAILURE
swta,MultiSWTA5_Type1_NT100_NS6_NC6_NV6_NW6_O4,NT100_NS6_NC6_NV6_NW6,MOP5,True,True,True,True,passed,1,0.699101577441,full_success,NO_FAILURE
swta,MultiSWTA5_Type1_NT200_NS12_NC6_NV12_NW6_O2,NT200_NS12_NC6_NV12_NW6,MOP5,True,True,True,True,passed,0,0.720684262234,full_success,NO_FAILURE
swta,MultiSWTA5_Type1_NT200_NS12_NC6_NV12_NW6_O3,NT200_NS12_NC6_NV12_NW6,MOP5,True,True,True,True,passed,0,0.720684262234,full_success,NO_FAILURE
swta,MultiSWTA5_Type1_NT200_NS12_NC6_NV12_NW6_O4,NT200_NS12_NC6_NV12_NW6,MOP5,True,True,True,True,passed,0,0.720684262234,full_success,NO_FAILURE
swta,MultiSWTA5_Type1_NT200_NS15_NC12_NV15_NW12_O2,NT200_NS15_NC12_NV15_NW12,MOP5,True,True,True,True,passed,0,0.736264218244,full_success,NO_FAILURE
swta,MultiSWTA5_Type1_NT200_NS15_NC12_NV15_NW12_O3,NT200_NS15_NC12_NV15_NW12,MOP5,True,True,True,True,passed,0,0.736264218244,full_success,NO_FAILURE
swta,MultiSWTA5_Type1_NT200_NS15_NC12_NV15_NW12_O4,NT200_NS15_NC12_NV15_NW12,MOP5,True,True,True,True,passed,0,0.736264218244,full_success,NO_FAILURE
swta,MultiSWTA5_Type1_NT50_NS5_NC2_NV5_NW2_O2,NT50_NS5_NC2_NV5_NW2,MOP5,True,True,True,True,passed,0,0.735569714541,full_success,NO_FAILURE
swta,MultiSWTA5_Type1_NT50_NS5_NC2_NV5_NW2_O3,NT50_NS5_NC2_NV5_NW2,MOP5,True,True,True,True,passed,0,0.735569714541,full_success,NO_FAILURE
swta,MultiSWTA5_Type1_NT50_NS5_NC2_NV5_NW2_O4,NT50_NS5_NC2_NV5_NW2,MOP5,True,True,True,True,passed,0,0.735569714541,full_success,NO_FAILURE
swta,MultiSWTA5_Type1_NT50_NS8_NC6_NV8_NW6_O2,NT50_NS8_NC6_NV8_NW6,MOP5,True,True,True,True,passed,0,0.737407895967,full_success,NO_FAILURE
swta,MultiSWTA5_Type1_NT50_NS8_NC6_NV8_NW6_O3,NT50_NS8_NC6_NV8_NW6,MOP5,True,True,True,True,passed,1,0.737407895967,full_success,NO_FAILURE
swta,MultiSWTA5_Type1_NT50_NS8_NC6_NV8_NW6_O4,NT50_NS8_NC6_NV8_NW6,MOP5,True,True,True,True,passed,0,0.737407895967,full_success,NO_FAILURE
madra,MADRA_OPEN_P1_single,P1_single_targets10,not_applicable,True,True,True,True,passed,0,0.861666666667,full_success,NO_FAILURE
madra,MADRA_OPEN_P1_multi3,P1_multi3_targets10,not_applicable,True,True,True,True,passed,0,0.861666666667,full_success,NO_FAILURE
madra,MADRA_OPEN_P2_single,P2_single_targets20,not_applicable,True,True,True,True,passed,0,0.850833333333,full_success,NO_FAILURE
madra,MADRA_OPEN_P2_multi3,P2_multi3_targets20,not_applicable,True,True,True,True,passed,0,0.850833333333,full_success,NO_FAILURE
madra,MADRA_OPEN_P3_single,P3_single_targets24,not_applicable,True,True,True,True,passed,0,0.816666666667,full_success,NO_FAILURE
madra,MADRA_OPEN_P3_multi3,P3_multi3_targets24,not_applicable,True,True,True,True,passed,0,0.816666666667,full_success,NO_FAILURE
madra,MADRA_OPEN_P4_single,P4_single_targets24,not_applicable,True,True,True,True,passed,0,0.85,full_success,NO_FAILURE
madra,MADRA_OPEN_P4_multi3,P4_multi3_targets24,not_applicable,True,True,True,True,passed,1,0.816666666667,full_success,NO_FAILURE
madra,MADRA_OPEN_P5_single,P5_single_targets50,not_applicable,False,False,False,False,failed,1,not_applicable,p4_builder_contract_failed,ARTIFACT_MISSING
madra,MADRA_OPEN_P5_multi3,P5_multi3_targets50,not_applicable,True,True,True,True,passed,1,0.810666666667,full_success,NO_FAILURE
madra,MADRA_OPEN_P6_single,P6_single_targets50,not_applicable,False,False,False,False,failed,1,not_applicable,p4_builder_contract_failed,ARTIFACT_MISSING
madra,MADRA_OPEN_P6_multi3,P6_multi3_targets50,not_applicable,True,True,True,True,passed,0,0.810666666667,full_success,NO_FAILURE
madra,MADRA_OPEN_P7_single,P7_single_targets100,not_applicable,False,False,False,False,failed,1,not_applicable,p4_builder_contract_failed,ARTIFACT_MISSING
madra,MADRA_OPEN_P7_multi3,P7_multi3_targets100,not_applicable,True,True,True,True,passed,1,0.756833333333,full_success,NO_FAILURE
madra,MADRA_OPEN_P8_single,P8_single_targets100,not_applicable,True,True,True,True,passed,0,0.756833333333,full_success,NO_FAILURE
madra,MADRA_OPEN_P8_multi3,P8_multi3_targets100,not_applicable,True,True,True,True,passed,0,0.756833333333,full_success,NO_FAILURE
madra,MADRA_OPEN_P9_single,P9_single_targets200,not_applicable,False,False,False,False,failed,1,not_applicable,p4_builder_contract_failed,ARTIFACT_MISSING
madra,MADRA_OPEN_P9_multi3,P9_multi3_targets200,not_applicable,True,True,True,True,passed,0,0.734166666667,full_success,NO_FAILURE
madra,MADRA_OPEN_P10_single,P10_single_targets500,not_applicable,True,True,True,True,passed,1,0.702666666667,full_success,NO_FAILURE
madra,MADRA_OPEN_P10_multi3,P10_multi3_targets500,not_applicable,True,True,True,True,passed,0,0.702666666667,full_success,NO_FAILURE
